,,,,,,,,,,,,,,,,,,,,,,
,,,,,,,,,,,,,,,,,,,,,,
,,,,,,,,,,,,,,,,,,,,,,
,,,,,,,,,,,,,,,,,,,,,,
,,,,,,,,,,,,,,,,,,,,,,
,,,,,,,,,,,,,,,,,,,,,,
,,,,,,,,,,,,,,,,,,,,,,
,S/T name,GCCSA code,GCCSA name,SA4 code,SA4 name,SA3 code,SA3 name,SA2 code,SA2 name,no.,no.,,no.,%,,no.,no.,no.,,km2,persons/km2,
,,,,,,,,,,,,,,,,,,,,,,
1,New South Wales,1RNSW,Rest of NSW,101,Capital Region,10102,Queanbeyan,101021007,Braidwood,4222,4291,,69,1.6,,4,57,8,,3418.4,1.3,
1,New South Wales,1RNSW,Rest of NSW,101,Capital Region,10102,Queanbeyan,101021008,Karabar,8370,8371,,1,0.0,,78,-103,26,,7.0,1198.9,
1,New South Wales,1RNSW,Rest of NSW,101,Capital Region,10102,Queanbeyan,101021009,Queanbeyan,11449,11450,,1,0.0,,55,-148,94,,4.8,2403.7,
1,New South Wales,1RNSW,Rest of NSW,101,Capital Region,10102,Queanbeyan,101021010,Queanbeyan - East,5148,5083,,-65,-1.3,,48,-158,45,,13.0,390.9,
1,New South Wales,1RNSW,Rest of NSW,101,Capital Region,10102,Queanbeyan,101021011,Queanbeyan Region,20238,21496,,1258,6.2,,244,971,43,,3054.4,7.0,
1,New South Wales,1RNSW,Rest of NSW,101,Capital Region,10102,Queanbeyan,101021012,Queanbeyan West - Jerrabomberra,13135,13080,,-55,-0.4,,131,-239,53,,13.7,956.2,
1,New South Wales,1RNSW,Rest of NSW,101,Capital Region,10103,Snowy Mountains,101031013,Bombala,2423,2421,,-2,-0.1,,9,-13,2,,3989.4,0.6,
1,New South Wales,1RNSW,Rest of NSW,101,Capital Region,10103,Snowy Mountains,101031014,Cooma,6853,6807,,-46,-0.7,,10,-77,21,,103.6,65.7,
1,New South Wales,1RNSW,Rest of NSW,101,Capital Region,10103,Snowy Mountains,101031015,Cooma Region,3382,3459,,77,2.3,,4,67,6,,6250.9,0.6,
1,New South Wales,1RNSW,Rest of NSW,101,Capital Region,10103,Snowy Mountains,101031016,Jindabyne - Berridale,7214,7343,,129,1.8,,33,49,47,,3939.5,1.9,
1,New South Wales,1RNSW,Rest of NSW,101,Capital Region,10104,South Coast,101041017,Batemans Bay,8025,8173,,148,1.8,,-33,167,14,,63.7,128.3,
1,New South Wales,1RNSW,Rest of NSW,101,Capital Region,10104,South Coast,101041018,Batemans Bay - South,8527,8581,,54,0.6,,-57,94,17,,30.6,280.5,
1,New South Wales,1RNSW,Rest of NSW,101,Capital Region,10104,South Coast,101041019,Bega - Tathra,8696,8796,,100,1.1,,5,86,9,,183.9,47.8,
1,New South Wales,1RNSW,Rest of NSW,101,Capital Region,10104,South Coast,101041020,Bega-Eden Hinterland,8893,8879,,-14,-0.2,,19,-41,8,,4710.2,1.9,
1,New South Wales,1RNSW,Rest of NSW,101,Capital Region,10104,South Coast,101041021,Broulee - Tomakin,3529,3661,,132,3.7,,-30,158,4,,24.2,151.1,
1,New South Wales,1RNSW,Rest of NSW,101,Capital Region,10104,South Coast,101041022,Deua - Wadbilliga,25,25,,0,0.0,,0,0,0,,2782.0,0.0,
1,New South Wales,1RNSW,Rest of NSW,101,Capital Region,10104,South Coast,101041023,Eden,3236,3265,,29,0.9,,-10,37,2,,94.8,34.4,
1,New South Wales,1RNSW,Rest of NSW,101,Capital Region,10104,South Coast,101041024,Eurobodalla Hinterland,3406,3494,,88,2.6,,-3,89,2,,1460.0,2.4,
1,New South Wales,1RNSW,Rest of NSW,101,Capital Region,10104,South Coast,101041025,Merimbula - Tura Beach,11307,11434,,127,1.1,,-47,148,26,,97.3,117.5,
1,New South Wales,1RNSW,Rest of NSW,101,Capital Region,10104,South Coast,101041026,Moruya - Tuross Head,8243,8313,,70,0.8,,-25,80,15,,165.4,50.3,
1,New South Wales,1RNSW,Rest of NSW,101,Capital Region,10104,South Coast,101041027,Narooma - Bermagui,9204,9241,,37,0.4,,-64,87,14,,252.7,36.6,
1,New South Wales,1RNSW,Rest of NSW,101,Capital Region,10105,Goulburn - Mulwaree,101051539,Goulburn,24066,24382,,316,1.3,,31,204,81,,64.8,376.3,
1,New South Wales,1RNSW,Rest of NSW,101,Capital Region,10105,Goulburn - Mulwaree,101051540,Goulburn Region,13259,13530,,271,2.0,,37,223,11,,9035.1,1.5,
1,New South Wales,1RNSW,Rest of NSW,101,Capital Region,10106,Young - Yass,101061541,Yass,6691,6713,,22,0.3,,9,1,12,,99.7,67.3,
1,New South Wales,1RNSW,Rest of NSW,101,Capital Region,10106,Young - Yass,101061542,Yass Region,12279,12547,,268,2.2,,71,172,25,,5680.9,2.2,
1,New South Wales,1RNSW,Rest of NSW,101,Capital Region,10106,Young - Yass,101061543,Young,10826,10712,,-114,-1.1,,59,-189,16,,505.8,21.2,
1,New South Wales,1RNSW,Rest of NSW,101,Capital Region,10106,Young - Yass,101061544,Young Region,7235,7252,,17,0.2,,-1,9,9,,5849.8,1.2,
1,New South Wales,1GSYD,Greater Sydney,102,Central Coast,10201,Gosford,102011028,Avoca Beach - Copacabana,7760,7778,,18,0.2,,59,-71,30,,6.4,1208.2,
1,New South Wales,1GSYD,Greater Sydney,102,Central Coast,10201,Gosford,102011029,Box Head - MacMasters Beach,11142,11141,,-1,0.0,,16,-43,26,,32.1,347.2,
1,New South Wales,1GSYD,Greater Sydney,102,Central Coast,10201,Gosford,102011030,Calga - Kulnura,4970,4995,,25,0.5,,16,-6,15,,768.0,6.5,
1,New South Wales,1GSYD,Greater Sydney,102,Central Coast,10201,Gosford,102011031,Erina - Green Point,14392,14338,,-54,-0.4,,-188,83,51,,33.8,424.3,
1,New South Wales,1GSYD,Greater Sydney,102,Central Coast,10201,Gosford,102011032,Gosford - Springfield,19884,20279,,395,2.0,,83,206,106,,16.9,1199.1,
1,New South Wales,1GSYD,Greater Sydney,102,Central Coast,10201,Gosford,102011033,Kariong,6552,6588,,36,0.5,,65,-40,11,,8.3,793.1,
1,New South Wales,1GSYD,Greater Sydney,102,Central Coast,10201,Gosford,102011034,Kincumber - Picketts Valley,7556,7532,,-24,-0.3,,-10,-31,17,,12.1,623.1,
1,New South Wales,1GSYD,Greater Sydney,102,Central Coast,10201,Gosford,102011035,Narara,6919,6961,,42,0.6,,74,-50,18,,7.7,903.8,
1,New South Wales,1GSYD,Greater Sydney,102,Central Coast,10201,Gosford,102011036,Niagara Park - Lisarow,8120,8085,,-35,-0.4,,31,-83,17,,16.7,483.2,
1,New South Wales,1GSYD,Greater Sydney,102,Central Coast,10201,Gosford,102011037,Point Clare - Koolewong,6269,6319,,50,0.8,,-16,45,21,,6.8,931.0,
1,New South Wales,1GSYD,Greater Sydney,102,Central Coast,10201,Gosford,102011038,Saratoga - Davistown,7339,7360,,21,0.3,,30,-27,18,,4.8,1543.5,
1,New South Wales,1GSYD,Greater Sydney,102,Central Coast,10201,Gosford,102011039,Terrigal - North Avoca,14449,14784,,335,2.3,,76,176,83,,10.1,1462.7,
1,New South Wales,1GSYD,Greater Sydney,102,Central Coast,10201,Gosford,102011040,Umina - Booker Bay - Patonga,24810,25124,,314,1.3,,-21,265,70,,25.2,995.9,
1,New South Wales,1GSYD,Greater Sydney,102,Central Coast,10201,Gosford,102011041,Wamberal - Forresters Beach,10430,10512,,82,0.8,,63,-7,26,,13.7,766.1,
1,New South Wales,1GSYD,Greater Sydney,102,Central Coast,10201,Gosford,102011042,Woy Woy - Blackwall,14513,14555,,42,0.3,,-42,43,41,,17.4,835.4,
1,New South Wales,1GSYD,Greater Sydney,102,Central Coast,10201,Gosford,102011043,Wyoming,11830,11829,,-1,0.0,,-11,-16,26,,8.4,1411.4,
1,New South Wales,1GSYD,Greater Sydney,102,Central Coast,10202,Wyong,102021044,Bateau Bay - Killarney Vale,22612,22656,,44,0.2,,-15,25,34,,10.9,2086.3,
1,New South Wales,1GSYD,Greater Sydney,102,Central Coast,10202,Wyong,102021045,Blue Haven - San Remo,11439,11319,,-120,-1.0,,117,-252,15,,21.0,539.5,
1,New South Wales,1GSYD,Greater Sydney,102,Central Coast,10202,Wyong,102021046,Budgewoi - Buff Point - Halekulani,9769,9843,,74,0.8,,43,20,11,,9.4,1052.4,
1,New South Wales,1GSYD,Greater Sydney,102,Central Coast,10202,Wyong,102021047,Chittaway Bay - Tumbi Umbi,15745,15739,,-6,0.0,,39,-73,28,,24.5,642.4,
1,New South Wales,1GSYD,Greater Sydney,102,Central Coast,10202,Wyong,102021048,Gorokan - Kanwal - Charmhaven,22893,22796,,-97,-0.4,,-2,-131,36,,11.2,2026.5,
1,New South Wales,1GSYD,Greater Sydney,102,Central Coast,10202,Wyong,102021049,Jilliby - Yarramalong,3576,3578,,2,0.1,,21,-26,7,,346.8,10.3,
1,New South Wales,1GSYD,Greater Sydney,102,Central Coast,10202,Wyong,102021050,Lake Munmorah - Mannering Park,11234,11291,,57,0.5,,25,17,15,,35.5,318.1,
1,New South Wales,1GSYD,Greater Sydney,102,Central Coast,10202,Wyong,102021051,Ourimbah - Fountaindale,5017,4977,,-40,-0.8,,45,-101,16,,114.1,43.6,
1,New South Wales,1GSYD,Greater Sydney,102,Central Coast,10202,Wyong,102021052,Summerland Point - Gwandalan,6127,6191,,64,1.0,,14,40,10,,9.2,674.5,
1,New South Wales,1GSYD,Greater Sydney,102,Central Coast,10202,Wyong,102021053,The Entrance,15858,15925,,67,0.4,,45,-17,39,,13.9,1149.2,
1,New South Wales,1GSYD,Greater Sydney,102,Central Coast,10202,Wyong,102021054,Toukley - Norah Head,10370,10341,,-29,-0.3,,-62,22,11,,10.5,982.8,
1,New South Wales,1GSYD,Greater Sydney,102,Central Coast,10202,Wyong,102021055,Tuggerah - Kangy Angy,5470,5478,,8,0.1,,22,-38,24,,27.8,196.7,
1,New South Wales,1GSYD,Greater Sydney,102,Central Coast,10202,Wyong,102021056,Warnervale - Wadalba,17633,18257,,624,3.5,,82,501,41,,42.9,425.7,
1,New South Wales,1GSYD,Greater Sydney,102,Central Coast,10202,Wyong,102021057,Wyong,9292,9286,,-6,-0.1,,57,-91,28,,15.0,617.7,
1,New South Wales,1RNSW,Rest of NSW,103,Central West,10301,Bathurst,103011058,Bathurst,24853,24953,,100,0.4,,77,-56,79,,119.5,208.8,
1,New South Wales,1RNSW,Rest of NSW,103,Central West,10301,Bathurst,103011059,Bathurst - East,12333,12592,,259,2.1,,51,187,21,,94.0,133.9,
1,New South Wales,1RNSW,Rest of NSW,103,Central West,10301,Bathurst,103011060,Bathurst Region,7073,7102,,29,0.4,,28,-2,3,,3798.3,1.9,
1,New South Wales,1RNSW,Rest of NSW,103,Central West,10301,Bathurst,103011061,Oberon,4717,4723,,6,0.1,,9,-11,8,,2972.4,1.6,
1,New South Wales,1RNSW,Rest of NSW,103,Central West,10302,Lachlan Valley,103021062,Condobolin,6528,6455,,-73,-1.1,,48,-124,3,,15858.9,0.4,
1,New South Wales,1RNSW,Rest of NSW,103,Central West,10302,Lachlan Valley,103021063,Cowra,9291,9280,,-11,-0.1,,-52,33,8,,242.2,38.3,
1,New South Wales,1RNSW,Rest of NSW,103,Central West,10302,Lachlan Valley,103021064,Cowra Region,5556,5582,,26,0.5,,1,17,8,,3037.2,1.8,
1,New South Wales,1RNSW,Rest of NSW,103,Central West,10302,Lachlan Valley,103021065,Forbes,10489,10506,,17,0.2,,18,-10,9,,4598.0,2.3,
1,New South Wales,1RNSW,Rest of NSW,103,Central West,10302,Lachlan Valley,103021066,Grenfell,3606,3588,,-18,-0.5,,-14,-10,6,,3294.1,1.1,
1,New South Wales,1RNSW,Rest of NSW,103,Central West,10302,Lachlan Valley,103021067,Parkes (NSW),11206,11164,,-42,-0.4,,25,-84,17,,234.8,47.6,
1,New South Wales,1RNSW,Rest of NSW,103,Central West,10302,Lachlan Valley,103021068,Parkes Region,3390,3346,,-44,-1.3,,3,-51,4,,5418.2,0.6,
1,New South Wales,1RNSW,Rest of NSW,103,Central West,10302,Lachlan Valley,103021069,West Wyalong,5959,5923,,-36,-0.6,,8,-49,5,,8317.5,0.7,
1,New South Wales,1RNSW,Rest of NSW,103,Central West,10303,Lithgow - Mudgee,103031070,Lithgow,12905,12840,,-65,-0.5,,-27,-56,18,,120.0,107.0,
1,New South Wales,1RNSW,Rest of NSW,103,Central West,10303,Lithgow - Mudgee,103031071,Lithgow Region,8604,8580,,-24,-0.3,,-5,-28,9,,2514.1,3.4,
1,New South Wales,1RNSW,Rest of NSW,103,Central West,10303,Lithgow - Mudgee,103031072,Mudgee,12516,12649,,133,1.1,,91,16,26,,65.9,192.0,
1,New South Wales,1RNSW,Rest of NSW,103,Central West,10303,Lithgow - Mudgee,103031073,Mudgee Region - East,3475,3454,,-21,-0.6,,-26,3,2,,2852.1,1.2,
1,New South Wales,1RNSW,Rest of NSW,103,Central West,10303,Lithgow - Mudgee,103031074,Mudgee Region - West,10629,10625,,-4,0.0,,5,-21,12,,8043.9,1.3,
1,New South Wales,1RNSW,Rest of NSW,103,Central West,10303,Lithgow - Mudgee,103031075,Wollangambe - Wollemi,0,0,,0,0.0,,0,0,0,,2448.7,0.0,
1,New South Wales,1RNSW,Rest of NSW,103,Central West,10304,Orange,103041076,Blayney,7381,7384,,3,0.0,,22,-26,7,,1642.7,4.5,
1,New South Wales,1RNSW,Rest of NSW,103,Central West,10304,Orange,103041077,Orange,18871,18694,,-177,-0.9,,-26,-199,48,,45.2,413.1,
1,New South Wales,1RNSW,Rest of NSW,103,Central West,10304,Orange,103041078,Orange - North,21926,22194,,268,1.2,,204,-4,68,,99.5,223.0,
1,New South Wales,1RNSW,Rest of NSW,103,Central West,10304,Orange,103041079,Orange Region,12047,12080,,33,0.3,,20,3,10,,4480.1,2.7,
1,New South Wales,1RNSW,Rest of NSW,104,Coffs Harbour - Grafton,10401,Clarence Valley,104011080,Grafton,19044,19019,,-25,-0.1,,18,-62,19,,106.3,179.0,
1,New South Wales,1RNSW,Rest of NSW,104,Coffs Harbour - Grafton,10401,Clarence Valley,104011081,Grafton Region,15650,15649,,-1,0.0,,11,-33,21,,8445.9,1.9,
1,New South Wales,1RNSW,Rest of NSW,104,Coffs Harbour - Grafton,10401,Clarence Valley,104011082,Maclean - Yamba - Iluka,16662,16759,,97,0.6,,-102,171,28,,711.0,23.6,
1,New South Wales,1RNSW,Rest of NSW,104,Coffs Harbour - Grafton,10402,Coffs Harbour,104021083,Bellingen,6051,6176,,125,2.1,,6,108,11,,1001.0,6.2,
1,New South Wales,1RNSW,Rest of NSW,104,Coffs Harbour - Grafton,10402,Coffs Harbour,104021084,Coffs Harbour - North,18413,18655,,242,1.3,,61,90,91,,25.7,726.8,
1,New South Wales,1RNSW,Rest of NSW,104,Coffs Harbour - Grafton,10402,Coffs Harbour,104021085,Coffs Harbour - South,10727,10562,,-165,-1.5,,-85,-142,62,,33.7,313.4,
1,New South Wales,1RNSW,Rest of NSW,104,Coffs Harbour - Grafton,10402,Coffs Harbour,104021086,Coramba - Nana Glen - Bucca,4046,4000,,-46,-1.1,,18,-74,10,,363.9,11.0,
1,New South Wales,1RNSW,Rest of NSW,104,Coffs Harbour - Grafton,10402,Coffs Harbour,104021087,Dorrigo,3185,3127,,-58,-1.8,,-27,-39,8,,1987.7,1.6,
1,New South Wales,1RNSW,Rest of NSW,104,Coffs Harbour - Grafton,10402,Coffs Harbour,104021088,Korora - Emerald Beach,9931,10152,,221,2.2,,71,112,38,,57.7,176.0,
1,New South Wales,1RNSW,Rest of NSW,104,Coffs Harbour - Grafton,10402,Coffs Harbour,104021089,Sawtell - Boambee,20001,20035,,34,0.2,,39,-52,47,,118.2,169.5,
1,New South Wales,1RNSW,Rest of NSW,104,Coffs Harbour - Grafton,10402,Coffs Harbour,104021090,Urunga,4798,4822,,24,0.5,,-30,44,10,,108.4,44.5,
1,New South Wales,1RNSW,Rest of NSW,104,Coffs Harbour - Grafton,10402,Coffs Harbour,104021091,Woolgoolga - Arrawarra,13457,13614,,157,1.2,,33,47,77,,270.2,50.4,
1,New South Wales,1RNSW,Rest of NSW,105,Far West and Orana,10501,Bourke - Cobar - Coonamble,105011092,Bourke - Brewarrina,3990,3968,,-22,-0.6,,22,-47,3,,56843.7,0.1,
1,New South Wales,1RNSW,Rest of NSW,105,Far West and Orana,10501,Bourke - Cobar - Coonamble,105011093,Cobar,4672,4520,,-152,-3.3,,20,-183,11,,45551.4,0.1,
1,New South Wales,1RNSW,Rest of NSW,105,Far West and Orana,10501,Bourke - Cobar - Coonamble,105011094,Coonamble,4118,4069,,-49,-1.2,,15,-66,2,,12142.4,0.3,
1,New South Wales,1RNSW,Rest of NSW,105,Far West and Orana,10501,Bourke - Cobar - Coonamble,105011095,Nyngan - Warren,4874,4778,,-96,-2.0,,19,-123,8,,21216.0,0.2,
1,New South Wales,1RNSW,Rest of NSW,105,Far West and Orana,10501,Bourke - Cobar - Coonamble,105011096,Walgett - Lightning Ridge,6277,6145,,-132,-2.1,,35,-174,7,,27011.7,0.2,
1,New South Wales,1RNSW,Rest of NSW,105,Far West and Orana,10502,Broken Hill and Far West,105021097,Broken Hill,17477,17269,,-208,-1.2,,-52,-180,24,,170.1,101.5,
1,New South Wales,1RNSW,Rest of NSW,105,Far West and Orana,10502,Broken Hill and Far West,105021098,Far West,2449,2387,,-62,-2.5,,10,-81,9,,146690.1,0.0,
1,New South Wales,1RNSW,Rest of NSW,105,Far West and Orana,10503,Dubbo,105031099,Coonabarabran,7907,7850,,-57,-0.7,,-24,-42,9,,10474.1,0.7,
1,New South Wales,1RNSW,Rest of NSW,105,Far West and Orana,10503,Dubbo,105031100,Dubbo - East,10452,10402,,-50,-0.5,,70,-158,38,,87.7,118.6,
1,New South Wales,1RNSW,Rest of NSW,105,Far West and Orana,10503,Dubbo,105031101,Dubbo - South,18465,18642,,177,1.0,,129,-24,72,,25.4,733.0,
1,New South Wales,1RNSW,Rest of NSW,105,Far West and Orana,10503,Dubbo,105031102,Dubbo - West,9844,10010,,166,1.7,,93,47,26,,69.4,144.2,
1,New South Wales,1RNSW,Rest of NSW,105,Far West and Orana,10503,Dubbo,105031103,Dubbo Region,5994,6064,,70,1.2,,36,31,3,,4128.6,1.5,
1,New South Wales,1RNSW,Rest of NSW,105,Far West and Orana,10503,Dubbo,105031104,Gilgandra,4397,4390,,-7,-0.2,,18,-35,10,,5393.4,0.8,
1,New South Wales,1RNSW,Rest of NSW,105,Far West and Orana,10503,Dubbo,105031105,Narromine,6592,6533,,-59,-0.9,,24,-91,8,,5956.3,1.1,
1,New South Wales,1RNSW,Rest of NSW,105,Far West and Orana,10503,Dubbo,105031106,Wellington,9440,9413,,-27,-0.3,,19,-55,9,,3603.4,2.6,
1,New South Wales,1RNSW,Rest of NSW,106,Hunter Valley exc Newcastle,10601,Lower Hunter,106011107,Branxton - Greta - Pokolbin,11297,11497,,200,1.8,,105,80,15,,392.3,29.3,
1,New South Wales,1RNSW,Rest of NSW,106,Hunter Valley exc Newcastle,10601,Lower Hunter,106011108,Cessnock,23666,23875,,209,0.9,,86,106,17,,69.0,346.1,
1,New South Wales,1RNSW,Rest of NSW,106,Hunter Valley exc Newcastle,10601,Lower Hunter,106011109,Cessnock Region,8627,8833,,206,2.4,,55,143,8,,1570.4,5.6,
1,New South Wales,1RNSW,Rest of NSW,106,Hunter Valley exc Newcastle,10601,Lower Hunter,106011110,Dungog,9422,9664,,242,2.6,,32,207,3,,2250.0,4.3,
1,New South Wales,1RNSW,Rest of NSW,106,Hunter Valley exc Newcastle,10601,Lower Hunter,106011111,Kurri Kurri - Abermain,18832,19542,,710,3.8,,161,532,17,,90.6,215.7,
1,New South Wales,1RNSW,Rest of NSW,106,Hunter Valley exc Newcastle,10601,Lower Hunter,106011112,Singleton,16274,16101,,-173,-1.1,,117,-327,37,,127.2,126.5,
1,New South Wales,1RNSW,Rest of NSW,106,Hunter Valley exc Newcastle,10601,Lower Hunter,106011113,Singleton Region,5159,5222,,63,1.2,,34,27,2,,4067.2,1.3,
1,New South Wales,1RNSW,Rest of NSW,106,Hunter Valley exc Newcastle,10602,Maitland,106021114,Maitland,7723,8100,,377,4.9,,63,304,10,,32.1,252.5,
1,New South Wales,1RNSW,Rest of NSW,106,Hunter Valley exc Newcastle,10602,Maitland,106021115,Maitland - East,28863,29127,,264,0.9,,119,85,60,,40.6,717.6,
1,New South Wales,1RNSW,Rest of NSW,106,Hunter Valley exc Newcastle,10602,Maitland,106021116,Maitland - North,8288,8503,,215,2.6,,49,154,12,,70.5,120.5,
1,New South Wales,1RNSW,Rest of NSW,106,Hunter Valley exc Newcastle,10602,Maitland,106021117,Maitland - West,24736,25251,,515,2.1,,212,267,36,,175.4,143.9,
1,New South Wales,1RNSW,Rest of NSW,106,Hunter Valley exc Newcastle,10602,Maitland,106021118,Thornton - Millers Forest,12335,13256,,921,7.5,,164,745,12,,61.5,215.7,
1,New South Wales,1RNSW,Rest of NSW,106,Hunter Valley exc Newcastle,10603,Port Stephens,106031119,Anna Bay,5935,5973,,38,0.6,,21,2,15,,68.1,87.8,
1,New South Wales,1RNSW,Rest of NSW,106,Hunter Valley exc Newcastle,10603,Port Stephens,106031120,Lemon Tree Passage - Tanilba Bay,6837,6936,,99,1.4,,4,86,9,,30.0,231.3,
1,New South Wales,1RNSW,Rest of NSW,106,Hunter Valley exc Newcastle,10603,Port Stephens,106031121,Nelson Bay Peninsula,22338,22517,,179,0.8,,-144,256,67,,47.5,474.3,
1,New South Wales,1RNSW,Rest of NSW,106,Hunter Valley exc Newcastle,10603,Port Stephens,106031122,Raymond Terrace,13993,13995,,2,0.0,,60,-82,24,,109.5,127.8,
1,New South Wales,1RNSW,Rest of NSW,106,Hunter Valley exc Newcastle,10603,Port Stephens,106031123,Seaham - Woodville,5565,5603,,38,0.7,,28,8,2,,247.5,22.6,
1,New South Wales,1RNSW,Rest of NSW,106,Hunter Valley exc Newcastle,10603,Port Stephens,106031124,Tea Gardens - Hawks Nest,5365,5454,,89,1.7,,-73,148,14,,204.3,26.7,
1,New South Wales,1RNSW,Rest of NSW,106,Hunter Valley exc Newcastle,10603,Port Stephens,106031125,Williamtown - Medowie - Karuah,14733,15155,,422,2.9,,80,323,19,,365.2,41.5,
1,New South Wales,1RNSW,Rest of NSW,106,Hunter Valley exc Newcastle,10604,Upper Hunter,106041126,Muswellbrook,12370,12364,,-6,0.0,,105,-139,28,,262.4,47.1,
1,New South Wales,1RNSW,Rest of NSW,106,Hunter Valley exc Newcastle,10604,Upper Hunter,106041127,Muswellbrook Region,4005,3991,,-14,-0.3,,16,-42,12,,3142.5,1.3,
1,New South Wales,1RNSW,Rest of NSW,106,Hunter Valley exc Newcastle,10604,Upper Hunter,106041128,Scone,5782,5755,,-27,-0.5,,-5,-43,21,,118.6,48.5,
1,New South Wales,1RNSW,Rest of NSW,106,Hunter Valley exc Newcastle,10604,Upper Hunter,106041129,Scone Region,8411,8427,,16,0.2,,17,-10,9,,7949.0,1.1,
1,New South Wales,1RNSW,Rest of NSW,107,Illawarra,10701,Dapto - Port Kembla,107011131,Dapto - Avondale,24617,24662,,45,0.2,,118,-100,27,,56.6,435.7,
1,New South Wales,1RNSW,Rest of NSW,107,Illawarra,10701,Dapto - Port Kembla,107011132,Horsley - Kembla Grange,10153,10703,,550,5.4,,102,432,16,,44.2,241.9,
1,New South Wales,1RNSW,Rest of NSW,107,Illawarra,10701,Dapto - Port Kembla,107011133,Port Kembla Industrial,11,11,,0,0.0,,0,0,0,,12.7,0.9,
1,New South Wales,1RNSW,Rest of NSW,107,Illawarra,10701,Dapto - Port Kembla,107011134,Unanderra - Mount Kembla,15762,15642,,-120,-0.8,,-1,-157,38,,25.1,622.0,
1,New South Wales,1RNSW,Rest of NSW,107,Illawarra,10701,Dapto - Port Kembla,107011545,Berkeley - Lake Heights - Cringila,14738,14803,,65,0.4,,41,-28,52,,12.5,1181.3,
1,New South Wales,1RNSW,Rest of NSW,107,Illawarra,10701,Dapto - Port Kembla,107011546,Port Kembla - Warrawong,10169,10068,,-101,-1.0,,34,-160,25,,7.0,1444.3,
1,New South Wales,1RNSW,Rest of NSW,107,Illawarra,10701,Dapto - Port Kembla,107011547,Windang - Primbee,4390,4346,,-44,-1.0,,-2,-66,24,,5.5,794.4,
1,New South Wales,1RNSW,Rest of NSW,107,Illawarra,10702,Illawarra Catchment Reserve,107021135,Illawarra Catchment Reserve,5,5,,0,0.0,,0,0,0,,744.3,0.0,
1,New South Wales,1RNSW,Rest of NSW,107,Illawarra,10703,Kiama - Shellharbour,107031136,Albion Park - Macquarie Pass,15676,16850,,1174,7.5,,93,1057,24,,75.1,224.3,
1,New South Wales,1RNSW,Rest of NSW,107,Illawarra,10703,Kiama - Shellharbour,107031137,Albion Park Rail,6923,6877,,-46,-0.7,,10,-66,10,,7.2,959.4,
1,New South Wales,1RNSW,Rest of NSW,107,Illawarra,10703,Kiama - Shellharbour,107031138,Kiama,8467,8663,,196,2.3,,-3,169,30,,13.9,625.3,
1,New South Wales,1RNSW,Rest of NSW,107,Illawarra,10703,Kiama - Shellharbour,107031139,Kiama Downs - Minnamurra,6199,6245,,46,0.7,,27,9,10,,7.3,860.1,
1,New South Wales,1RNSW,Rest of NSW,107,Illawarra,10703,Kiama - Shellharbour,107031140,Kiama Hinterland - Gerringong,8579,8638,,59,0.7,,1,34,24,,222.3,38.9,
1,New South Wales,1RNSW,Rest of NSW,107,Illawarra,10703,Kiama - Shellharbour,107031141,Shellharbour - Flinders,19112,19533,,421,2.2,,90,289,42,,49.6,394.0,
1,New South Wales,1RNSW,Rest of NSW,107,Illawarra,10703,Kiama - Shellharbour,107031142,Shellharbour - Oak Flats,10436,10530,,94,0.9,,33,28,33,,6.1,1740.2,
1,New South Wales,1RNSW,Rest of NSW,107,Illawarra,10703,Kiama - Shellharbour,107031143,Warilla,21078,20832,,-246,-1.2,,20,-306,40,,9.5,2194.0,
1,New South Wales,1RNSW,Rest of NSW,107,Illawarra,10704,Wollongong,107041144,Balgownie - Fairy Meadow,22480,22733,,253,1.1,,44,3,206,,12.3,1853.7,
1,New South Wales,1RNSW,Rest of NSW,107,Illawarra,10704,Wollongong,107041145,Corrimal - Tarrawanna - Bellambi,16058,16000,,-58,-0.4,,31,-139,50,,11.1,1446.0,
1,New South Wales,1RNSW,Rest of NSW,107,Illawarra,10704,Wollongong,107041146,Figtree - Keiraville,22494,22763,,269,1.2,,71,-56,254,,18.8,1210.0,
1,New South Wales,1RNSW,Rest of NSW,107,Illawarra,10704,Wollongong,107041147,Helensburgh,9288,9356,,68,0.7,,91,-42,19,,154.8,60.4,
1,New South Wales,1RNSW,Rest of NSW,107,Illawarra,10704,Wollongong,107041148,Thirroul - Austinmer - Coalcliff,12069,12230,,161,1.3,,64,50,47,,16.2,757.0,
1,New South Wales,1RNSW,Rest of NSW,107,Illawarra,10704,Wollongong,107041150,Woonona - Bulli - Russell Vale,21147,21289,,142,0.7,,38,40,64,,15.8,1348.7,
1,New South Wales,1RNSW,Rest of NSW,107,Illawarra,10704,Wollongong,107041548,Wollongong - East,16494,16867,,373,2.3,,14,84,275,,5.5,3064.7,
1,New South Wales,1RNSW,Rest of NSW,107,Illawarra,10704,Wollongong,107041549,Wollongong - West,18228,18342,,114,0.6,,96,-295,313,,5.7,3241.1,
1,New South Wales,1RNSW,Rest of NSW,108,Mid North Coast,10801,Great Lakes,108011151,Bulahdelah - Stroud,4748,4761,,13,0.3,,-19,26,6,,2334.0,2.0,
1,New South Wales,1RNSW,Rest of NSW,108,Mid North Coast,10801,Great Lakes,108011152,Forster,14827,14732,,-95,-0.6,,-93,-28,26,,33.9,434.9,
1,New South Wales,1RNSW,Rest of NSW,108,Mid North Coast,10801,Great Lakes,108011153,Forster-Tuncurry Region,6456,6585,,129,2.0,,14,107,8,,749.5,8.8,
1,New South Wales,1RNSW,Rest of NSW,108,Mid North Coast,10801,Great Lakes,108011154,Tuncurry,6389,6352,,-37,-0.6,,-159,113,9,,15.7,405.4,
1,New South Wales,1RNSW,Rest of NSW,108,Mid North Coast,10802,Kempsey - Nambucca,108021155,Kempsey,15375,15373,,-2,0.0,,-1,-29,28,,195.2,78.8,
1,New South Wales,1RNSW,Rest of NSW,108,Mid North Coast,10802,Kempsey - Nambucca,108021156,Kempsey Region,9125,9205,,80,0.9,,38,26,16,,3627.3,2.5,
1,New South Wales,1RNSW,Rest of NSW,108,Mid North Coast,10802,Kempsey - Nambucca,108021157,Macksville - Scotts Head,5045,5044,,-1,0.0,,-3,0,2,,83.8,60.2,
1,New South Wales,1RNSW,Rest of NSW,108,Mid North Coast,10802,Kempsey - Nambucca,108021158,Nambucca Heads,6815,6841,,26,0.4,,-70,86,10,,31.1,220.3,
1,New South Wales,1RNSW,Rest of NSW,108,Mid North Coast,10802,Kempsey - Nambucca,108021159,Nambucca Heads Region,7904,7938,,34,0.4,,33,-10,11,,1356.1,5.9,
1,New South Wales,1RNSW,Rest of NSW,108,Mid North Coast,10802,Kempsey - Nambucca,108021160,South West Rocks,5317,5414,,97,1.8,,0,89,8,,46.0,117.8,
1,New South Wales,1RNSW,Rest of NSW,108,Mid North Coast,10803,Lord Howe Island,108031161,Lord Howe Island,416,403,,-13,-3.1,,-3,-10,0,,16.3,24.7,
1,New South Wales,1RNSW,Rest of NSW,108,Mid North Coast,10804,Port Macquarie,108041162,Laurieton - Bonny Hills,18147,18623,,476,2.6,,-60,512,24,,524.9,35.5,
1,New South Wales,1RNSW,Rest of NSW,108,Mid North Coast,10804,Port Macquarie,108041163,Port Macquarie - East,29250,29302,,52,0.2,,-65,28,89,,42.1,696.2,
1,New South Wales,1RNSW,Rest of NSW,108,Mid North Coast,10804,Port Macquarie,108041164,Port Macquarie - West,19468,20176,,708,3.6,,-101,772,37,,54.2,372.5,
1,New South Wales,1RNSW,Rest of NSW,108,Mid North Coast,10804,Port Macquarie,108041165,Port Macquarie Region,5461,5487,,26,0.5,,8,12,6,,2871.7,1.9,
1,New South Wales,1RNSW,Rest of NSW,108,Mid North Coast,10804,Port Macquarie,108041166,Wauchope,12103,12281,,178,1.5,,27,137,14,,194.9,63.0,
1,New South Wales,1RNSW,Rest of NSW,108,Mid North Coast,10805,Taree - Gloucester,108051167,Gloucester,5172,5183,,11,0.2,,-22,24,9,,2933.9,1.8,
1,New South Wales,1RNSW,Rest of NSW,108,Mid North Coast,10805,Taree - Gloucester,108051168,Old Bar - Manning Point - Red Head,11352,11649,,297,2.6,,13,269,15,,209.6,55.6,
1,New South Wales,1RNSW,Rest of NSW,108,Mid North Coast,10805,Taree - Gloucester,108051169,Taree,20898,20909,,11,0.1,,-46,25,32,,125.1,167.1,
1,New South Wales,1RNSW,Rest of NSW,108,Mid North Coast,10805,Taree - Gloucester,108051170,Taree Region,12910,13079,,169,1.3,,-22,182,9,,3344.9,3.9,
1,New South Wales,1RNSW,Rest of NSW,108,Mid North Coast,10805,Taree - Gloucester,108051171,Wingham,5493,5471,,-22,-0.4,,6,-30,2,,61.5,88.9,
1,New South Wales,1RNSW,Rest of NSW,109,Murray,10901,Albury,109011172,Albury - East,16795,17311,,516,3.1,,153,312,51,,101.5,170.5,
1,New South Wales,1RNSW,Rest of NSW,109,Murray,10901,Albury,109011173,Albury - North,10346,10379,,33,0.3,,46,-39,26,,24.2,429.7,
1,New South Wales,1RNSW,Rest of NSW,109,Murray,10901,Albury,109011174,Albury - South,10521,10515,,-6,-0.1,,-72,21,45,,48.4,217.2,
1,New South Wales,1RNSW,Rest of NSW,109,Murray,10901,Albury,109011175,Albury Region,12102,12233,,131,1.1,,6,111,14,,5401.9,2.3,
1,New South Wales,1RNSW,Rest of NSW,109,Murray,10901,Albury,109011176,Lavington,15082,15208,,126,0.8,,66,9,51,,21.5,708.4,
1,New South Wales,1RNSW,Rest of NSW,109,Murray,10902,Lower Murray,109021177,Hay,2974,2969,,-5,-0.2,,7,-21,9,,13922.9,0.2,
1,New South Wales,1RNSW,Rest of NSW,109,Murray,10902,Lower Murray,109021178,Wentworth - Buronga,6164,6201,,37,0.6,,25,9,3,,322.6,19.2,
1,New South Wales,1RNSW,Rest of NSW,109,Murray,10902,Lower Murray,109021179,Wentworth-Balranald Region,3655,3609,,-46,-1.3,,22,-76,8,,49722.7,0.1,
1,New South Wales,1RNSW,Rest of NSW,109,Murray,10903,Upper Murray exc. Albury,109031180,Corowa,5427,5439,,12,0.2,,-46,50,8,,77.2,70.4,
1,New South Wales,1RNSW,Rest of NSW,109,Murray,10903,Upper Murray exc. Albury,109031181,Corowa Region,6985,7129,,144,2.1,,7,127,10,,4495.2,1.6,
1,New South Wales,1RNSW,Rest of NSW,109,Murray,10903,Upper Murray exc. Albury,109031182,Deniliquin,7624,7608,,-16,-0.2,,-12,-21,17,,143.2,53.1,
1,New South Wales,1RNSW,Rest of NSW,109,Murray,10903,Upper Murray exc. Albury,109031183,Deniliquin Region,6735,6739,,4,0.1,,5,-10,9,,18338.2,0.4,
1,New South Wales,1RNSW,Rest of NSW,109,Murray,10903,Upper Murray exc. Albury,109031184,Moama,6414,6652,,238,3.7,,10,211,17,,167.1,39.8,
1,New South Wales,1RNSW,Rest of NSW,109,Murray,10903,Upper Murray exc. Albury,109031185,Tocumwal - Finley - Jerilderie,10066,10064,,-2,0.0,,0,-28,26,,5011.0,2.0,
1,New South Wales,1RNSW,Rest of NSW,110,New England and North West,11001,Armidale,110011186,Armidale,24579,24460,,-119,-0.5,,131,-465,215,,274.6,89.1,
1,New South Wales,1RNSW,Rest of NSW,110,New England and North West,11001,Armidale,110011187,Armidale Region - North,4572,4572,,0,0.0,,-1,-10,11,,6098.2,0.7,
1,New South Wales,1RNSW,Rest of NSW,110,New England and North West,11001,Armidale,110011188,Armidale Region - South,6076,6044,,-32,-0.5,,0,-40,8,,3280.3,1.8,
1,New South Wales,1RNSW,Rest of NSW,110,New England and North West,11001,Armidale,110011189,Walcha,3232,3196,,-36,-1.1,,-6,-33,3,,6742.5,0.5,
1,New South Wales,1RNSW,Rest of NSW,110,New England and North West,11002,Inverell - Tenterfield,110021190,Glen Innes,8869,8873,,4,0.0,,-22,18,8,,5480.0,1.6,
1,New South Wales,1RNSW,Rest of NSW,110,New England and North West,11002,Inverell - Tenterfield,110021191,Inverell,11868,11865,,-3,0.0,,39,-63,21,,207.7,57.1,
1,New South Wales,1RNSW,Rest of NSW,110,New England and North West,11002,Inverell - Tenterfield,110021192,Inverell Region - East,5275,5208,,-67,-1.3,,11,-89,11,,9274.6,0.6,
1,New South Wales,1RNSW,Rest of NSW,110,New England and North West,11002,Inverell - Tenterfield,110021193,Inverell Region - West,6198,6143,,-55,-0.9,,-23,-34,2,,8283.6,0.7,
1,New South Wales,1RNSW,Rest of NSW,110,New England and North West,11002,Inverell - Tenterfield,110021194,Tenterfield,6594,6470,,-124,-1.9,,-34,-96,6,,7322.8,0.9,
1,New South Wales,1RNSW,Rest of NSW,110,New England and North West,11003,Moree - Narrabri,110031195,Moree,8277,8176,,-101,-1.2,,49,-162,12,,69.4,117.8,
1,New South Wales,1RNSW,Rest of NSW,110,New England and North West,11003,Moree - Narrabri,110031196,Moree Region,5530,5435,,-95,-1.7,,62,-163,6,,19811.1,0.3,
1,New South Wales,1RNSW,Rest of NSW,110,New England and North West,11003,Moree - Narrabri,110031197,Narrabri,7329,7340,,11,0.2,,19,-17,9,,180.4,40.7,
1,New South Wales,1RNSW,Rest of NSW,110,New England and North West,11003,Moree - Narrabri,110031198,Narrabri Region,4844,4781,,-63,-1.3,,14,-82,5,,11965.6,0.4,
1,New South Wales,1RNSW,Rest of NSW,110,New England and North West,11004,Tamworth - Gunnedah,110041199,Gunnedah,9617,9650,,33,0.3,,63,-47,17,,90.2,107.0,
1,New South Wales,1RNSW,Rest of NSW,110,New England and North West,11004,Tamworth - Gunnedah,110041200,Gunnedah Region,4024,3968,,-56,-1.4,,37,-98,5,,5765.9,0.7,
1,New South Wales,1RNSW,Rest of NSW,110,New England and North West,11004,Tamworth - Gunnedah,110041201,Quirindi,7897,7847,,-50,-0.6,,23,-78,5,,5077.8,1.5,
1,New South Wales,1RNSW,Rest of NSW,110,New England and North West,11004,Tamworth - Gunnedah,110041202,Tamworth - East,20951,21019,,68,0.3,,134,-173,107,,102.2,205.7,
1,New South Wales,1RNSW,Rest of NSW,110,New England and North West,11004,Tamworth - Gunnedah,110041203,Tamworth - North,16413,16367,,-46,-0.3,,12,-129,71,,76.0,215.2,
1,New South Wales,1RNSW,Rest of NSW,110,New England and North West,11004,Tamworth - Gunnedah,110041204,Tamworth - West,5816,5865,,49,0.8,,68,-40,21,,62.5,93.8,
1,New South Wales,1RNSW,Rest of NSW,110,New England and North West,11004,Tamworth - Gunnedah,110041205,Tamworth Region,19087,19033,,-54,-0.3,,21,-100,25,,8980.5,2.1,
1,New South Wales,1RNSW,Rest of NSW,111,Newcastle and Lake Macquarie,11101,Lake Macquarie - East,111011206,Belmont - Bennetts Green,18298,18236,,-62,-0.3,,-21,-60,19,,22.2,821.0,
1,New South Wales,1RNSW,Rest of NSW,111,Newcastle and Lake Macquarie,11101,Lake Macquarie - East,111011207,Belmont South - Blacksmiths,5688,5652,,-36,-0.6,,10,-54,8,,6.8,830.3,
1,New South Wales,1RNSW,Rest of NSW,111,Newcastle and Lake Macquarie,11101,Lake Macquarie - East,111011208,Charlestown - Dudley,24810,25140,,330,1.3,,165,90,75,,22.3,1128.4,
1,New South Wales,1RNSW,Rest of NSW,111,Newcastle and Lake Macquarie,11101,Lake Macquarie - East,111011209,Glendale - Cardiff - Hillsborough,24070,24112,,42,0.2,,151,-160,51,,21.9,1100.1,
1,New South Wales,1RNSW,Rest of NSW,111,Newcastle and Lake Macquarie,11101,Lake Macquarie - East,111011210,Mount Hutton - Windale,9171,9192,,21,0.2,,-52,58,15,,6.3,1467.1,
1,New South Wales,1RNSW,Rest of NSW,111,Newcastle and Lake Macquarie,11101,Lake Macquarie - East,111011211,Redhead,3592,3617,,25,0.7,,-24,41,8,,3.7,982.2,
1,New South Wales,1RNSW,Rest of NSW,111,Newcastle and Lake Macquarie,11101,Lake Macquarie - East,111011212,Swansea - Caves Beach,12189,12359,,170,1.4,,-17,159,28,,32.4,381.4,
1,New South Wales,1RNSW,Rest of NSW,111,Newcastle and Lake Macquarie,11101,Lake Macquarie - East,111011213,Valentine - Eleebana,12270,12268,,-2,0.0,,35,-67,30,,10.0,1229.9,
1,New South Wales,1RNSW,Rest of NSW,111,Newcastle and Lake Macquarie,11101,Lake Macquarie - East,111011214,Warners Bay - Boolaroo,13823,14046,,223,1.6,,59,143,21,,12.5,1120.1,
1,New South Wales,1RNSW,Rest of NSW,111,Newcastle and Lake Macquarie,11102,Lake Macquarie - West,111021215,Bolton Point - Teralba,8689,8852,,163,1.9,,-16,168,11,,22.0,402.9,
1,New South Wales,1RNSW,Rest of NSW,111,Newcastle and Lake Macquarie,11102,Lake Macquarie - West,111021216,Bonnells Bay - Silverwater,9402,9590,,188,2.0,,52,121,15,,10.2,944.0,
1,New South Wales,1RNSW,Rest of NSW,111,Newcastle and Lake Macquarie,11102,Lake Macquarie - West,111021217,Edgeworth - Cameron Park,15559,15927,,368,2.4,,96,246,26,,15.6,1020.5,
1,New South Wales,1RNSW,Rest of NSW,111,Newcastle and Lake Macquarie,11102,Lake Macquarie - West,111021218,Morisset - Cooranbong,16256,16581,,325,2.0,,-78,378,25,,330.5,50.2,
1,New South Wales,1RNSW,Rest of NSW,111,Newcastle and Lake Macquarie,11102,Lake Macquarie - West,111021219,Toronto - Awaba,13795,13848,,53,0.4,,-68,97,24,,43.7,317.2,
1,New South Wales,1RNSW,Rest of NSW,111,Newcastle and Lake Macquarie,11102,Lake Macquarie - West,111021220,Wangi Wangi - Rathmines,9154,9180,,26,0.3,,18,-8,16,,13.2,697.0,
1,New South Wales,1RNSW,Rest of NSW,111,Newcastle and Lake Macquarie,11102,Lake Macquarie - West,111021221,West Wallsend - Barnsley - Killingworth,6826,6888,,62,0.9,,43,17,2,,72.5,95.0,
1,New South Wales,1RNSW,Rest of NSW,111,Newcastle and Lake Macquarie,11103,Newcastle,111031222,Adamstown - Kotara,16067,16123,,56,0.3,,92,-79,43,,8.0,2010.8,
1,New South Wales,1RNSW,Rest of NSW,111,Newcastle and Lake Macquarie,11103,Newcastle,111031223,Beresfield - Hexham,8488,8416,,-72,-0.8,,23,-123,28,,59.3,142.0,
1,New South Wales,1RNSW,Rest of NSW,111,Newcastle and Lake Macquarie,11103,Newcastle,111031224,Hamilton - Broadmeadow,12468,12499,,31,0.2,,9,-40,62,,6.7,1852.7,
1,New South Wales,1RNSW,Rest of NSW,111,Newcastle and Lake Macquarie,11103,Newcastle,111031225,Lambton - New Lambton,17044,17167,,123,0.7,,57,-3,69,,10.5,1627.4,
1,New South Wales,1RNSW,Rest of NSW,111,Newcastle and Lake Macquarie,11103,Newcastle,111031226,Maryland - Fletcher - Minmi,15603,16020,,417,2.7,,163,212,42,,17.3,928.0,
1,New South Wales,1RNSW,Rest of NSW,111,Newcastle and Lake Macquarie,11103,Newcastle,111031227,Mayfield - Warabrook,15483,15505,,22,0.1,,5,-70,87,,7.5,2057.1,
1,New South Wales,1RNSW,Rest of NSW,111,Newcastle and Lake Macquarie,11103,Newcastle,111031228,Merewether - The Junction,14303,14395,,92,0.6,,22,-8,78,,7.2,1986.5,
1,New South Wales,1RNSW,Rest of NSW,111,Newcastle and Lake Macquarie,11103,Newcastle,111031229,Newcastle - Cooks Hill,12376,12790,,414,3.3,,43,244,127,,4.0,3213.2,
1,New South Wales,1RNSW,Rest of NSW,111,Newcastle and Lake Macquarie,11103,Newcastle,111031230,Newcastle Port - Kooragang,17,17,,0,0.0,,0,0,0,,30.9,0.6,
1,New South Wales,1RNSW,Rest of NSW,111,Newcastle and Lake Macquarie,11103,Newcastle,111031231,Shortland - Jesmond,13191,13642,,451,3.4,,-1,36,416,,12.7,1073.4,
1,New South Wales,1RNSW,Rest of NSW,111,Newcastle and Lake Macquarie,11103,Newcastle,111031232,Stockton - Fullerton Cove,8593,8839,,246,2.9,,-25,247,24,,30.5,289.7,
1,New South Wales,1RNSW,Rest of NSW,111,Newcastle and Lake Macquarie,11103,Newcastle,111031233,Wallsend - Elermore Vale,20231,20321,,90,0.4,,-22,14,98,,21.5,944.3,
1,New South Wales,1RNSW,Rest of NSW,111,Newcastle and Lake Macquarie,11103,Newcastle,111031234,Waratah - North Lambton,12600,12552,,-48,-0.4,,-11,-118,81,,5.1,2454.4,
1,New South Wales,1RNSW,Rest of NSW,111,Newcastle and Lake Macquarie,11103,Newcastle,111031235,Wickham - Carrington - Tighes Hill,8568,8763,,195,2.3,,79,47,69,,3.6,2467.3,
1,New South Wales,1RNSW,Rest of NSW,112,Richmond - Tweed,11201,Richmond Valley - Coastal,112011236,Ballina,18177,18437,,260,1.4,,-144,354,50,,36.1,510.3,
1,New South Wales,1RNSW,Rest of NSW,112,Richmond - Tweed,11201,Richmond Valley - Coastal,112011237,Ballina Region,17893,18030,,137,0.8,,9,86,42,,406.5,44.3,
1,New South Wales,1RNSW,Rest of NSW,112,Richmond - Tweed,11201,Richmond Valley - Coastal,112011238,Bangalow,6317,6456,,139,2.2,,36,68,35,,186.5,34.6,
1,New South Wales,1RNSW,Rest of NSW,112,Richmond - Tweed,11201,Richmond Valley - Coastal,112011239,Brunswick Heads - Ocean Shores,8846,9003,,157,1.8,,47,74,36,,54.4,165.4,
1,New South Wales,1RNSW,Rest of NSW,112,Richmond - Tweed,11201,Richmond Valley - Coastal,112011240,Byron Bay,10682,10890,,208,1.9,,32,63,113,,39.8,273.8,
1,New South Wales,1RNSW,Rest of NSW,112,Richmond - Tweed,11201,Richmond Valley - Coastal,112011241,Evans Head,5450,5541,,91,1.7,,1,79,11,,543.5,10.2,
1,New South Wales,1RNSW,Rest of NSW,112,Richmond - Tweed,11201,Richmond Valley - Coastal,112011242,Lennox Head - Skennars Head,8445,8648,,203,2.4,,50,123,30,,37.8,228.5,
1,New South Wales,1RNSW,Rest of NSW,112,Richmond - Tweed,11201,Richmond Valley - Coastal,112011243,Mullumbimby,8897,9102,,205,2.3,,22,149,34,,268.1,34.0,
1,New South Wales,1RNSW,Rest of NSW,112,Richmond - Tweed,11202,Richmond Valley - Hinterland,112021244,Casino,12579,12528,,-51,-0.4,,29,-95,15,,139.0,90.2,
1,New South Wales,1RNSW,Rest of NSW,112,Richmond - Tweed,11202,Richmond Valley - Hinterland,112021245,Casino Region,7027,7014,,-13,-0.2,,12,-33,8,,3950.1,1.8,
1,New South Wales,1RNSW,Rest of NSW,112,Richmond - Tweed,11202,Richmond Valley - Hinterland,112021246,Goonellabah,13396,13445,,49,0.4,,36,-13,26,,25.2,533.0,
1,New South Wales,1RNSW,Rest of NSW,112,Richmond - Tweed,11202,Richmond Valley - Hinterland,112021247,Kyogle,7257,7236,,-21,-0.3,,1,-30,8,,1979.8,3.7,
1,New South Wales,1RNSW,Rest of NSW,112,Richmond - Tweed,11202,Richmond Valley - Hinterland,112021248,Lismore,15175,15050,,-125,-0.8,,-2,-158,35,,63.3,237.7,
1,New South Wales,1RNSW,Rest of NSW,112,Richmond - Tweed,11202,Richmond Valley - Hinterland,112021249,Lismore Region,15488,15542,,54,0.3,,47,-23,30,,1233.2,12.6,
1,New South Wales,1RNSW,Rest of NSW,112,Richmond - Tweed,11203,Tweed Valley,112031250,Kingscliff - Fingal Head,15147,15672,,525,3.5,,2,470,53,,38.4,407.7,
1,New South Wales,1RNSW,Rest of NSW,112,Richmond - Tweed,11203,Tweed Valley,112031251,Murwillumbah,9447,9480,,33,0.3,,-14,28,19,,24.3,390.3,
1,New South Wales,1RNSW,Rest of NSW,112,Richmond - Tweed,11203,Tweed Valley,112031252,Murwillumbah Region,9940,10053,,113,1.1,,69,20,24,,908.3,11.1,
1,New South Wales,1RNSW,Rest of NSW,112,Richmond - Tweed,11203,Tweed Valley,112031253,Pottsville,14174,14454,,280,2.0,,101,137,42,,189.5,76.3,
1,New South Wales,1RNSW,Rest of NSW,112,Richmond - Tweed,11203,Tweed Valley,112031254,Tweed Heads,20401,20663,,262,1.3,,-88,272,78,,100.3,206.0,
1,New South Wales,1RNSW,Rest of NSW,112,Richmond - Tweed,11203,Tweed Valley,112031550,Banora Point,16111,16209,,98,0.6,,-59,129,28,,9.4,1716.6,
1,New South Wales,1RNSW,Rest of NSW,112,Richmond - Tweed,11203,Tweed Valley,112031551,Terranora - North Tumblegum,3394,3407,,13,0.4,,13,-8,8,,29.0,117.4,
1,New South Wales,1RNSW,Rest of NSW,112,Richmond - Tweed,11203,Tweed Valley,112031552,Tweed Heads South,8371,8444,,73,0.9,,-82,128,27,,8.5,998.6,
1,New South Wales,1RNSW,Rest of NSW,113,Riverina,11301,Griffith - Murrumbidgee (West),113011256,Griffith (NSW),20394,20571,,177,0.9,,105,-105,177,,56.3,365.2,
1,New South Wales,1RNSW,Rest of NSW,113,Riverina,11301,Griffith - Murrumbidgee (West),113011257,Griffith Region,13192,13160,,-32,-0.2,,112,-186,42,,23020.2,0.6,
1,New South Wales,1RNSW,Rest of NSW,113,Riverina,11301,Griffith - Murrumbidgee (West),113011258,Leeton,10318,10234,,-84,-0.8,,30,-134,20,,373.9,27.4,
1,New South Wales,1RNSW,Rest of NSW,113,Riverina,11301,Griffith - Murrumbidgee (West),113011259,Narrandera,6082,6048,,-34,-0.6,,-6,-45,17,,5409.3,1.1,
1,New South Wales,1RNSW,Rest of NSW,113,Riverina,11302,Tumut - Tumbarumba,113021260,Tumbarumba,3481,3487,,6,0.2,,11,-8,3,,4520.7,0.8,
1,New South Wales,1RNSW,Rest of NSW,113,Riverina,11302,Tumut - Tumbarumba,113021261,Tumut,6315,6267,,-48,-0.8,,7,-63,8,,40.3,155.5,
1,New South Wales,1RNSW,Rest of NSW,113,Riverina,11302,Tumut - Tumbarumba,113021262,Tumut Region,4714,4688,,-26,-0.6,,-11,-32,17,,4613.7,1.0,
1,New South Wales,1RNSW,Rest of NSW,113,Riverina,11303,Wagga Wagga,113031263,Cootamundra,7671,7560,,-111,-1.4,,-7,-113,9,,1656.1,4.6,
1,New South Wales,1RNSW,Rest of NSW,113,Riverina,11303,Wagga Wagga,113031264,Gundagai,3622,3727,,105,2.9,,15,88,2,,2362.5,1.6,
1,New South Wales,1RNSW,Rest of NSW,113,Riverina,11303,Wagga Wagga,113031265,Junee,6597,6594,,-3,0.0,,18,-49,28,,1970.9,3.3,
1,New South Wales,1RNSW,Rest of NSW,113,Riverina,11303,Wagga Wagga,113031266,Temora,6955,6926,,-29,-0.4,,-5,-30,6,,3434.3,2.0,
1,New South Wales,1RNSW,Rest of NSW,113,Riverina,11303,Wagga Wagga,113031267,Wagga Wagga - East,17091,17110,,19,0.1,,109,-145,55,,54.0,316.6,
1,New South Wales,1RNSW,Rest of NSW,113,Riverina,11303,Wagga Wagga,113031268,Wagga Wagga - North,5168,5338,,170,3.3,,48,101,21,,53.7,99.4,
1,New South Wales,1RNSW,Rest of NSW,113,Riverina,11303,Wagga Wagga,113031269,Wagga Wagga - South,21744,21844,,100,0.5,,199,-177,78,,29.4,742.1,
1,New South Wales,1RNSW,Rest of NSW,113,Riverina,11303,Wagga Wagga,113031270,Wagga Wagga - West,12663,12595,,-68,-0.5,,21,-151,62,,54.9,229.3,
1,New South Wales,1RNSW,Rest of NSW,113,Riverina,11303,Wagga Wagga,113031271,Wagga Wagga Region,15566,15780,,214,1.4,,119,84,11,,9334.7,1.7,
1,New South Wales,1RNSW,Rest of NSW,114,Southern Highlands and Shoalhaven,11401,Shoalhaven,114011272,Berry - Kangaroo Valley,9229,9353,,124,1.3,,-28,131,21,,537.1,17.4,
1,New South Wales,1RNSW,Rest of NSW,114,Southern Highlands and Shoalhaven,11401,Shoalhaven,114011273,Callala Bay - Currarong,3744,3736,,-8,-0.2,,-1,-12,5,,166.9,22.4,
1,New South Wales,1RNSW,Rest of NSW,114,Southern Highlands and Shoalhaven,11401,Shoalhaven,114011274,Culburra Beach,5122,5175,,53,1.0,,-21,63,11,,76.4,67.7,
1,New South Wales,1RNSW,Rest of NSW,114,Southern Highlands and Shoalhaven,11401,Shoalhaven,114011275,Ettrema - Sassafras - Budawang,52,52,,0,0.0,,0,0,0,,2144.5,0.0,
1,New South Wales,1RNSW,Rest of NSW,114,Southern Highlands and Shoalhaven,11401,Shoalhaven,114011276,Huskisson - Vincentia,4633,4778,,145,3.1,,13,109,23,,31.0,154.1,
1,New South Wales,1RNSW,Rest of NSW,114,Southern Highlands and Shoalhaven,11401,Shoalhaven,114011277,North Nowra - Bomaderry,16215,16191,,-24,-0.1,,11,-85,50,,99.7,162.3,
1,New South Wales,1RNSW,Rest of NSW,114,Southern Highlands and Shoalhaven,11401,Shoalhaven,114011278,Nowra,21617,22123,,506,2.3,,77,386,43,,101.7,217.6,
1,New South Wales,1RNSW,Rest of NSW,114,Southern Highlands and Shoalhaven,11401,Shoalhaven,114011279,St Georges Basin - Erowal Bay,14919,15091,,172,1.2,,-83,230,25,,76.9,196.1,
1,New South Wales,1RNSW,Rest of NSW,114,Southern Highlands and Shoalhaven,11401,Shoalhaven,114011280,Sussex Inlet - Berrara,4506,4532,,26,0.6,,-48,72,2,,39.8,113.8,
1,New South Wales,1RNSW,Rest of NSW,114,Southern Highlands and Shoalhaven,11401,Shoalhaven,114011281,Tomerong - Wandandian - Woollamia,3536,3546,,10,0.3,,9,-5,6,,376.0,9.4,
1,New South Wales,1RNSW,Rest of NSW,114,Southern Highlands and Shoalhaven,11401,Shoalhaven,114011282,Ulladulla,16493,16865,,372,2.3,,-44,375,41,,46.8,360.5,
1,New South Wales,1RNSW,Rest of NSW,114,Southern Highlands and Shoalhaven,11401,Shoalhaven,114011283,Ulladulla Region,5445,5589,,144,2.6,,11,127,6,,677.6,8.2,
1,New South Wales,1RNSW,Rest of NSW,114,Southern Highlands and Shoalhaven,11402,Southern Highlands,114021284,Bowral,13556,13615,,59,0.4,,-111,133,37,,55.6,245.0,
1,New South Wales,1RNSW,Rest of NSW,114,Southern Highlands and Shoalhaven,11402,Southern Highlands,114021285,Hill Top - Colo Vale,6432,6522,,90,1.4,,72,7,11,,174.4,37.4,
1,New South Wales,1RNSW,Rest of NSW,114,Southern Highlands and Shoalhaven,11402,Southern Highlands,114021286,Mittagong,9761,10034,,273,2.8,,3,252,18,,73.8,136.0,
1,New South Wales,1RNSW,Rest of NSW,114,Southern Highlands and Shoalhaven,11402,Southern Highlands,114021287,Moss Vale - Berrima,10655,10793,,138,1.3,,12,48,78,,118.1,91.4,
1,New South Wales,1RNSW,Rest of NSW,114,Southern Highlands and Shoalhaven,11402,Southern Highlands,114021288,Robertson - Fitzroy Falls,3715,3744,,29,0.8,,2,18,9,,498.5,7.5,
1,New South Wales,1RNSW,Rest of NSW,114,Southern Highlands and Shoalhaven,11402,Southern Highlands,114021289,Southern Highlands,6952,6989,,37,0.5,,-33,55,15,,1409.7,5.0,
1,New South Wales,1GSYD,Greater Sydney,115,Sydney - Baulkham Hills and Hawkesbury,11501,Baulkham Hills,115011290,Baulkham Hills (East),24850,25077,,227,0.9,,114,-93,206,,8.3,3018.4,
1,New South Wales,1GSYD,Greater Sydney,115,Sydney - Baulkham Hills and Hawkesbury,11501,Baulkham Hills,115011291,Baulkham Hills (West) - Bella Vista,21929,22066,,137,0.6,,94,-143,186,,11.0,2012.8,
1,New South Wales,1GSYD,Greater Sydney,115,Sydney - Baulkham Hills and Hawkesbury,11501,Baulkham Hills,115011294,Glenhaven,6516,6493,,-23,-0.4,,-38,3,12,,7.2,898.0,
1,New South Wales,1GSYD,Greater Sydney,115,Sydney - Baulkham Hills and Hawkesbury,11501,Baulkham Hills,115011296,West Pennant Hills,13181,13180,,-1,0.0,,41,-97,55,,7.8,1683.5,
1,New South Wales,1GSYD,Greater Sydney,115,Sydney - Baulkham Hills and Hawkesbury,11501,Baulkham Hills,115011553,Castle Hill - Central,8002,7948,,-54,-0.7,,53,-181,74,,4.2,1914.6,
1,New South Wales,1GSYD,Greater Sydney,115,Sydney - Baulkham Hills and Hawkesbury,11501,Baulkham Hills,115011554,Castle Hill - East,5682,5639,,-43,-0.8,,-205,131,31,,2.1,2721.5,
1,New South Wales,1GSYD,Greater Sydney,115,Sydney - Baulkham Hills and Hawkesbury,11501,Baulkham Hills,115011555,Castle Hill - North,12545,12536,,-9,-0.1,,64,-164,91,,6.8,1839.5,
1,New South Wales,1GSYD,Greater Sydney,115,Sydney - Baulkham Hills and Hawkesbury,11501,Baulkham Hills,115011556,Castle Hill - South,10431,10560,,129,1.2,,64,-25,90,,4.1,2558.3,
1,New South Wales,1GSYD,Greater Sydney,115,Sydney - Baulkham Hills and Hawkesbury,11501,Baulkham Hills,115011557,Castle Hill - West,5528,5546,,18,0.3,,22,-28,24,,1.6,3389.4,
1,New South Wales,1GSYD,Greater Sydney,115,Sydney - Baulkham Hills and Hawkesbury,11501,Baulkham Hills,115011558,Cherrybrook,19418,19306,,-112,-0.6,,21,-264,131,,8.3,2339.7,
1,New South Wales,1GSYD,Greater Sydney,115,Sydney - Baulkham Hills and Hawkesbury,11501,Baulkham Hills,115011559,Kellyville,26952,27789,,837,3.1,,147,560,130,,10.6,2611.5,
1,New South Wales,1GSYD,Greater Sydney,115,Sydney - Baulkham Hills and Hawkesbury,11502,Dural - Wisemans Ferry,115021297,Dural - Kenthurst - Wisemans Ferry,22372,22505,,133,0.6,,67,-11,77,,377.5,59.6,
1,New South Wales,1GSYD,Greater Sydney,115,Sydney - Baulkham Hills and Hawkesbury,11502,Dural - Wisemans Ferry,115021298,Galston - Laughtondale,5366,5319,,-47,-0.9,,-2,-62,17,,191.7,27.7,
1,New South Wales,1GSYD,Greater Sydney,115,Sydney - Baulkham Hills and Hawkesbury,11503,Hawkesbury,115031299,Bilpin - Colo - St Albans,2805,2814,,9,0.3,,24,-17,2,,2160.2,1.3,
1,New South Wales,1GSYD,Greater Sydney,115,Sydney - Baulkham Hills and Hawkesbury,11503,Hawkesbury,115031300,Kurrajong Heights - Ebenezer,22696,22754,,58,0.3,,176,-150,32,,331.9,68.6,
1,New South Wales,1GSYD,Greater Sydney,115,Sydney - Baulkham Hills and Hawkesbury,11504,Rouse Hill - McGraths Hill,115041301,Pitt Town - McGraths Hill,11470,11749,,279,2.4,,90,172,17,,81.6,144.1,
1,New South Wales,1GSYD,Greater Sydney,115,Sydney - Baulkham Hills and Hawkesbury,11504,Rouse Hill - McGraths Hill,115041302,Rouse Hill - Beaumont Hills,31675,36078,,4403,13.9,,454,3817,132,,36.7,983.8,
1,New South Wales,1GSYD,Greater Sydney,116,Sydney - Blacktown,11601,Blacktown,116011303,Blacktown (East) - Kings Park,18054,18085,,31,0.2,,263,-588,356,,8.0,2267.6,
1,New South Wales,1GSYD,Greater Sydney,116,Sydney - Blacktown,11601,Blacktown,116011304,Blacktown (North) - Marayong,19806,19789,,-17,-0.1,,227,-412,168,,7.4,2680.4,
1,New South Wales,1GSYD,Greater Sydney,116,Sydney - Blacktown,11601,Blacktown,116011306,Doonside - Woodcroft,25037,24890,,-147,-0.6,,216,-549,186,,9.9,2511.5,
1,New South Wales,1GSYD,Greater Sydney,116,Sydney - Blacktown,11601,Blacktown,116011307,Lalor Park - Kings Langley,26063,25956,,-107,-0.4,,202,-434,125,,11.8,2199.7,
1,New South Wales,1GSYD,Greater Sydney,116,Sydney - Blacktown,11601,Blacktown,116011308,Seven Hills - Toongabbie,26089,26031,,-58,-0.2,,256,-551,237,,11.2,2323.5,
1,New South Wales,1GSYD,Greater Sydney,116,Sydney - Blacktown,11601,Blacktown,116011560,Blacktown (South),12997,12972,,-25,-0.2,,124,-264,115,,3.4,3861.4,
1,New South Wales,1GSYD,Greater Sydney,116,Sydney - Blacktown,11601,Blacktown,116011561,Blacktown (West),16987,16903,,-84,-0.5,,125,-405,196,,4.7,3615.4,
1,New South Wales,1GSYD,Greater Sydney,116,Sydney - Blacktown,11602,Blacktown - North,116021309,Glenwood,16955,16889,,-66,-0.4,,116,-349,167,,5.1,3299.5,
1,New South Wales,1GSYD,Greater Sydney,116,Sydney - Blacktown,11602,Blacktown - North,116021310,Parklea - Kellyville Ridge,35951,36061,,110,0.3,,327,-453,236,,9.8,3674.7,
1,New South Wales,1GSYD,Greater Sydney,116,Sydney - Blacktown,11602,Blacktown - North,116021312,Riverstone - Marsden Park,31857,40713,,8856,27.8,,960,7771,125,,79.4,512.6,
1,New South Wales,1GSYD,Greater Sydney,116,Sydney - Blacktown,11602,Blacktown - North,116021562,Acacia Gardens,3941,3937,,-4,-0.1,,49,-83,30,,0.9,4159.1,
1,New South Wales,1GSYD,Greater Sydney,116,Sydney - Blacktown,11602,Blacktown - North,116021563,Quakers Hill,24383,24558,,175,0.7,,232,-266,209,,7.8,3161.6,
1,New South Wales,1GSYD,Greater Sydney,116,Sydney - Blacktown,11603,Mount Druitt,116031313,Bidwill - Hebersham - Emerton,18872,18781,,-91,-0.5,,257,-429,81,,6.1,3081.4,
1,New South Wales,1GSYD,Greater Sydney,116,Sydney - Blacktown,11603,Mount Druitt,116031314,Glendenning - Dean Park,8770,8713,,-57,-0.6,,77,-187,53,,5.1,1694.3,
1,New South Wales,1GSYD,Greater Sydney,116,Sydney - Blacktown,11603,Mount Druitt,116031315,Hassall Grove - Plumpton,22118,22184,,66,0.3,,227,-257,96,,6.2,3575.0,
1,New South Wales,1GSYD,Greater Sydney,116,Sydney - Blacktown,11603,Mount Druitt,116031316,Lethbridge Park - Tregear,22723,22665,,-58,-0.3,,304,-465,103,,11.3,2011.6,
1,New South Wales,1GSYD,Greater Sydney,116,Sydney - Blacktown,11603,Mount Druitt,116031317,Mount Druitt - Whalan,23924,23748,,-176,-0.7,,331,-793,286,,8.7,2734.2,
1,New South Wales,1GSYD,Greater Sydney,116,Sydney - Blacktown,11603,Mount Druitt,116031318,Prospect Reservoir,44,44,,0,0.0,,0,0,0,,30.7,1.4,
1,New South Wales,1GSYD,Greater Sydney,116,Sydney - Blacktown,11603,Mount Druitt,116031319,Rooty Hill - Minchinbury,22633,22731,,98,0.4,,130,-188,156,,14.6,1554.3,
1,New South Wales,1GSYD,Greater Sydney,117,Sydney - City and Inner South,11701,Botany,117011320,Banksmeadow,21,226,,205,976.2,,8,197,0,,3.4,67.1,
1,New South Wales,1GSYD,Greater Sydney,117,Sydney - City and Inner South,11701,Botany,117011321,Botany,13036,13364,,328,2.5,,125,129,74,,3.4,3895.3,
1,New South Wales,1GSYD,Greater Sydney,117,Sydney - City and Inner South,11701,Botany,117011322,Mascot - Eastlakes,28798,29681,,883,3.1,,288,-62,657,,6.2,4814.4,
1,New South Wales,1GSYD,Greater Sydney,117,Sydney - City and Inner South,11701,Botany,117011323,Pagewood - Hillsdale - Daceyville,12700,13205,,505,4.0,,74,295,136,,3.1,4234.1,
1,New South Wales,1GSYD,Greater Sydney,117,Sydney - City and Inner South,11701,Botany,117011324,Port Botany Industrial,7,7,,0,0.0,,0,0,0,,2.8,2.5,
1,New South Wales,1GSYD,Greater Sydney,117,Sydney - City and Inner South,11701,Botany,117011325,Sydney Airport,67,67,,0,0.0,,0,0,0,,8.9,7.5,
1,New South Wales,1GSYD,Greater Sydney,117,Sydney - City and Inner South,11702,Marrickville - Sydenham - Petersham,117021326,Marrickville,28934,29101,,167,0.6,,155,-304,316,,5.8,5006.5,
1,New South Wales,1GSYD,Greater Sydney,117,Sydney - City and Inner South,11702,Marrickville - Sydenham - Petersham,117021327,Petersham - Stanmore,22320,22349,,29,0.1,,141,-291,179,,3.0,7441.5,
1,New South Wales,1GSYD,Greater Sydney,117,Sydney - City and Inner South,11702,Marrickville - Sydenham - Petersham,117021328,Sydenham - Tempe - St Peters,8617,8721,,104,1.2,,77,-60,87,,3.9,2262.9,
1,New South Wales,1GSYD,Greater Sydney,117,Sydney - City and Inner South,11703,Sydney Inner City,117031329,Darlinghurst,12964,13096,,132,1.0,,36,-95,191,,0.9,15283.0,
1,New South Wales,1GSYD,Greater Sydney,117,Sydney - City and Inner South,11703,Sydney Inner City,117031330,Erskineville - Alexandria,19001,19326,,325,1.7,,261,-94,158,,4.3,4473.6,
1,New South Wales,1GSYD,Greater Sydney,117,Sydney - City and Inner South,11703,Sydney Inner City,117031331,Glebe - Forest Lodge,23086,23371,,285,1.2,,171,-209,323,,2.3,10153.4,
1,New South Wales,1GSYD,Greater Sydney,117,Sydney - City and Inner South,11703,Sydney Inner City,117031332,Newtown - Camperdown - Darlington,28389,28440,,51,0.2,,158,-606,499,,3.3,8667.6,
1,New South Wales,1GSYD,Greater Sydney,117,Sydney - City and Inner South,11703,Sydney Inner City,117031333,Potts Point - Woolloomooloo,24410,24386,,-24,-0.1,,2,-270,244,,1.5,16713.0,
1,New South Wales,1GSYD,Greater Sydney,117,Sydney - City and Inner South,11703,Sydney Inner City,117031334,Pyrmont - Ultimo,24752,24661,,-91,-0.4,,153,-682,438,,1.5,16536.6,
1,New South Wales,1GSYD,Greater Sydney,117,Sydney - City and Inner South,11703,Sydney Inner City,117031335,Redfern - Chippendale,26906,27363,,457,1.7,,111,-585,931,,2.2,12649.9,
1,New South Wales,1GSYD,Greater Sydney,117,Sydney - City and Inner South,11703,Sydney Inner City,117031336,Surry Hills,18394,18460,,66,0.4,,59,-379,386,,1.3,14023.1,
1,New South Wales,1GSYD,Greater Sydney,117,Sydney - City and Inner South,11703,Sydney Inner City,117031337,Sydney - Haymarket - The Rocks,32881,33238,,357,1.1,,174,-818,1001,,4.3,7741.6,
1,New South Wales,1GSYD,Greater Sydney,117,Sydney - City and Inner South,11703,Sydney Inner City,117031338,Waterloo - Beaconsfield,42539,43764,,1225,2.9,,391,301,533,,3.6,12221.5,
1,New South Wales,1GSYD,Greater Sydney,118,Sydney - Eastern Suburbs,11801,Eastern Suburbs - North,118011339,Bondi - Tamarama - Bronte,19993,19990,,-3,0.0,,206,-473,264,,2.5,8007.9,
1,New South Wales,1GSYD,Greater Sydney,118,Sydney - Eastern Suburbs,11801,Eastern Suburbs - North,118011340,Bondi Beach - North Bondi,23894,23849,,-45,-0.2,,272,-636,319,,2.5,9692.7,
1,New South Wales,1GSYD,Greater Sydney,118,Sydney - Eastern Suburbs,11801,Eastern Suburbs - North,118011341,Bondi Junction - Waverly,18623,18718,,95,0.5,,92,-200,203,,2.5,7417.8,
1,New South Wales,1GSYD,Greater Sydney,118,Sydney - Eastern Suburbs,11801,Eastern Suburbs - North,118011342,Centennial Park,3,3,,0,0.0,,0,0,0,,2.0,1.5,
1,New South Wales,1GSYD,Greater Sydney,118,Sydney - Eastern Suburbs,11801,Eastern Suburbs - North,118011343,Double Bay - Bellevue Hill,27145,27206,,61,0.2,,131,-289,219,,4.7,5771.3,
1,New South Wales,1GSYD,Greater Sydney,118,Sydney - Eastern Suburbs,11801,Eastern Suburbs - North,118011344,Dover Heights,11712,11719,,7,0.1,,91,-139,55,,1.9,6265.2,
1,New South Wales,1GSYD,Greater Sydney,118,Sydney - Eastern Suburbs,11801,Eastern Suburbs - North,118011345,Paddington - Moore Park,16919,16976,,57,0.3,,134,-236,159,,3.7,4557.3,
1,New South Wales,1GSYD,Greater Sydney,118,Sydney - Eastern Suburbs,11801,Eastern Suburbs - North,118011346,Rose Bay - Vaucluse - Watsons Bay,12632,12622,,-10,-0.1,,-2,-81,73,,5.1,2457.5,
1,New South Wales,1GSYD,Greater Sydney,118,Sydney - Eastern Suburbs,11801,Eastern Suburbs - North,118011347,Woollahra,8376,8396,,20,0.2,,58,-110,72,,1.3,6556.8,
1,New South Wales,1GSYD,Greater Sydney,118,Sydney - Eastern Suburbs,11802,Eastern Suburbs - South,118021348,Coogee - Clovelly,28434,28589,,155,0.5,,243,-385,297,,3.8,7453.6,
1,New South Wales,1GSYD,Greater Sydney,118,Sydney - Eastern Suburbs,11802,Eastern Suburbs - South,118021350,Malabar - La Perouse - Chifley,26816,26975,,159,0.6,,76,-103,186,,11.8,2281.1,
1,New South Wales,1GSYD,Greater Sydney,118,Sydney - Eastern Suburbs,11802,Eastern Suburbs - South,118021564,Kensington (NSW),17251,17495,,244,1.4,,51,-398,591,,2.6,6621.4,
1,New South Wales,1GSYD,Greater Sydney,118,Sydney - Eastern Suburbs,11802,Eastern Suburbs - South,118021565,Kingsford,17067,17232,,165,1.0,,48,-599,716,,2.0,8555.7,
1,New South Wales,1GSYD,Greater Sydney,118,Sydney - Eastern Suburbs,11802,Eastern Suburbs - South,118021566,Maroubra - North,10707,10795,,88,0.8,,-18,-24,130,,1.8,5960.1,
1,New South Wales,1GSYD,Greater Sydney,118,Sydney - Eastern Suburbs,11802,Eastern Suburbs - South,118021567,Maroubra - South,11363,11427,,64,0.6,,89,-186,161,,2.1,5533.7,
1,New South Wales,1GSYD,Greater Sydney,118,Sydney - Eastern Suburbs,11802,Eastern Suburbs - South,118021568,Maroubra - West,11302,11371,,69,0.6,,55,-220,234,,2.0,5556.6,
1,New South Wales,1GSYD,Greater Sydney,118,Sydney - Eastern Suburbs,11802,Eastern Suburbs - South,118021569,Randwick - North,18046,17990,,-56,-0.3,,86,-319,177,,1.9,9294.3,
1,New South Wales,1GSYD,Greater Sydney,118,Sydney - Eastern Suburbs,11802,Eastern Suburbs - South,118021570,Randwick - South,14525,14735,,210,1.4,,72,-69,207,,3.4,4369.0,
1,New South Wales,1GSYD,Greater Sydney,119,Sydney - Inner South West,11901,Bankstown,119011354,Bass Hill - Georges Hall,23778,23814,,36,0.2,,115,-170,91,,8.9,2670.9,
1,New South Wales,1GSYD,Greater Sydney,119,Sydney - Inner South West,11901,Bankstown,119011355,Chullora,1629,1804,,175,10.7,,32,129,14,,4.1,445.4,
1,New South Wales,1GSYD,Greater Sydney,119,Sydney - Inner South West,11901,Bankstown,119011356,Condell Park,12738,12826,,88,0.7,,157,-138,69,,10.0,1282.1,
1,New South Wales,1GSYD,Greater Sydney,119,Sydney - Inner South West,11901,Bankstown,119011357,Greenacre - Mount Lewis,28249,28424,,175,0.6,,230,-198,143,,7.0,4071.2,
1,New South Wales,1GSYD,Greater Sydney,119,Sydney - Inner South West,11901,Bankstown,119011358,Padstow,17664,17726,,62,0.4,,47,-99,114,,6.5,2723.3,
1,New South Wales,1GSYD,Greater Sydney,119,Sydney - Inner South West,11901,Bankstown,119011359,Panania - Milperra - Picnic Point,27930,28284,,354,1.3,,136,103,115,,14.4,1965.4,
1,New South Wales,1GSYD,Greater Sydney,119,Sydney - Inner South West,11901,Bankstown,119011360,Revesby,17642,17831,,189,1.1,,77,-22,134,,5.1,3501.4,
1,New South Wales,1GSYD,Greater Sydney,119,Sydney - Inner South West,11901,Bankstown,119011361,Yagoona - Birrong,22670,23009,,339,1.5,,227,-32,144,,5.6,4138.6,
1,New South Wales,1GSYD,Greater Sydney,119,Sydney - Inner South West,11901,Bankstown,119011571,Bankstown - North,17669,17736,,67,0.4,,247,-447,267,,2.7,6471.6,
1,New South Wales,1GSYD,Greater Sydney,119,Sydney - Inner South West,11901,Bankstown,119011572,Bankstown - South,16862,17107,,245,1.5,,207,-139,177,,4.4,3867.6,
1,New South Wales,1GSYD,Greater Sydney,119,Sydney - Inner South West,11902,Canterbury,119021362,Belmore - Belfield,20260,20307,,47,0.2,,153,-269,163,,4.5,4499.2,
1,New South Wales,1GSYD,Greater Sydney,119,Sydney - Inner South West,11902,Canterbury,119021363,Canterbury (South) - Campsie,33964,34212,,248,0.7,,276,-817,789,,4.8,7160.8,
1,New South Wales,1GSYD,Greater Sydney,119,Sydney - Inner South West,11902,Canterbury,119021364,Kingsgrove (North) - Earlwood,25615,25849,,234,0.9,,117,-13,130,,8.2,3151.7,
1,New South Wales,1GSYD,Greater Sydney,119,Sydney - Inner South West,11902,Canterbury,119021366,Punchbowl,22531,22543,,12,0.1,,245,-438,205,,5.2,4297.3,
1,New South Wales,1GSYD,Greater Sydney,119,Sydney - Inner South West,11902,Canterbury,119021367,Roselands,14953,15068,,115,0.8,,153,-141,103,,3.6,4132.6,
1,New South Wales,1GSYD,Greater Sydney,119,Sydney - Inner South West,11902,Canterbury,119021573,Lakemba,18268,18115,,-153,-0.8,,273,-802,376,,2.2,8284.6,
1,New South Wales,1GSYD,Greater Sydney,119,Sydney - Inner South West,11902,Canterbury,119021574,Wiley Park,11117,11033,,-84,-0.8,,220,-543,239,,1.4,7918.6,
1,New South Wales,1GSYD,Greater Sydney,119,Sydney - Inner South West,11903,Hurstville,119031368,Hurstville,26670,26966,,296,1.1,,103,-598,791,,3.6,7408.0,
1,New South Wales,1GSYD,Greater Sydney,119,Sydney - Inner South West,11903,Hurstville,119031369,Mortdale - Penshurst,25520,25404,,-116,-0.5,,185,-638,337,,6.1,4153.4,
1,New South Wales,1GSYD,Greater Sydney,119,Sydney - Inner South West,11903,Hurstville,119031370,Narwee - Beverly Hills,14790,14804,,14,0.1,,55,-198,157,,3.4,4365.8,
1,New South Wales,1GSYD,Greater Sydney,119,Sydney - Inner South West,11903,Hurstville,119031371,Oatley - Hurstville Grove,13299,13226,,-73,-0.5,,49,-218,96,,4.4,3037.0,
1,New South Wales,1GSYD,Greater Sydney,119,Sydney - Inner South West,11903,Hurstville,119031372,Peakhurst - Lugarno,19375,19548,,173,0.9,,51,26,96,,7.4,2630.7,
1,New South Wales,1GSYD,Greater Sydney,119,Sydney - Inner South West,11903,Hurstville,119031373,Riverwood,12620,12766,,146,1.2,,66,-109,189,,2.8,4603.2,
1,New South Wales,1GSYD,Greater Sydney,119,Sydney - Inner South West,11903,Hurstville,119031374,South Hurstville - Blakehurst,26051,26279,,228,0.9,,82,-298,444,,6.2,4205.4,
1,New South Wales,1GSYD,Greater Sydney,119,Sydney - Inner South West,11904,Kogarah - Rockdale,119041375,Arncliffe - Bardwell Valley,27716,28517,,801,2.9,,323,-295,773,,5.0,5711.9,
1,New South Wales,1GSYD,Greater Sydney,119,Sydney - Inner South West,11904,Kogarah - Rockdale,119041376,Bexley,28506,28398,,-108,-0.4,,122,-618,388,,5.3,5380.7,
1,New South Wales,1GSYD,Greater Sydney,119,Sydney - Inner South West,11904,Kogarah - Rockdale,119041377,Kingsgrove (South) - Bardwell Park,13673,13752,,79,0.6,,85,-122,116,,3.8,3631.3,
1,New South Wales,1GSYD,Greater Sydney,119,Sydney - Inner South West,11904,Kogarah - Rockdale,119041378,Kogarah,12690,13004,,314,2.5,,89,-114,339,,2.2,5858.4,
1,New South Wales,1GSYD,Greater Sydney,119,Sydney - Inner South West,11904,Kogarah - Rockdale,119041379,Kogarah Bay - Carlton - Allawah,17229,17251,,22,0.1,,114,-363,271,,3.5,4924.2,
1,New South Wales,1GSYD,Greater Sydney,119,Sydney - Inner South West,11904,Kogarah - Rockdale,119041380,Monterey - Brighton-le-Sands - Kyeemagh,15397,15450,,53,0.3,,94,-189,148,,3.4,4571.1,
1,New South Wales,1GSYD,Greater Sydney,119,Sydney - Inner South West,11904,Kogarah - Rockdale,119041381,Rockdale - Banksia,22310,22512,,202,0.9,,170,-616,648,,3.6,6295.3,
1,New South Wales,1GSYD,Greater Sydney,119,Sydney - Inner South West,11904,Kogarah - Rockdale,119041382,Sans Souci - Ramsgate,17327,17399,,72,0.4,,81,-87,78,,4.6,3773.0,
1,New South Wales,1GSYD,Greater Sydney,120,Sydney - Inner West,12001,Canada Bay,120011383,Concord - Mortlake - Cabarita,24026,24239,,213,0.9,,94,-42,161,,6.3,3835.8,
1,New South Wales,1GSYD,Greater Sydney,120,Sydney - Inner West,12001,Canada Bay,120011384,Concord West - North Strathfield,27248,27289,,41,0.2,,248,-580,373,,5.1,5347.6,
1,New South Wales,1GSYD,Greater Sydney,120,Sydney - Inner West,12001,Canada Bay,120011385,Drummoyne - Rodd Point,19698,19875,,177,0.9,,94,-10,93,,3.7,5364.8,
1,New South Wales,1GSYD,Greater Sydney,120,Sydney - Inner West,12001,Canada Bay,120011386,Five Dock - Abbotsford,22221,22372,,151,0.7,,114,-85,122,,4.6,4842.2,
1,New South Wales,1GSYD,Greater Sydney,120,Sydney - Inner West,12002,Leichhardt,120021387,Balmain,17324,17394,,70,0.4,,134,-169,105,,2.6,6737.9,
1,New South Wales,1GSYD,Greater Sydney,120,Sydney - Inner West,12002,Leichhardt,120021388,Leichhardt - Annandale,28859,29053,,194,0.7,,196,-150,148,,4.5,6496.2,
1,New South Wales,1GSYD,Greater Sydney,120,Sydney - Inner West,12002,Leichhardt,120021389,Lilyfield - Rozelle,15295,15317,,22,0.1,,139,-201,84,,3.6,4250.1,
1,New South Wales,1GSYD,Greater Sydney,120,Sydney - Inner West,12003,Strathfield - Burwood - Ashfield,120031390,Ashfield,26701,26861,,160,0.6,,51,-596,705,,3.7,7319.3,
1,New South Wales,1GSYD,Greater Sydney,120,Sydney - Inner West,12003,Strathfield - Burwood - Ashfield,120031391,Burwood - Croydon,27829,28285,,456,1.6,,68,-490,878,,4.5,6296.0,
1,New South Wales,1GSYD,Greater Sydney,120,Sydney - Inner West,12003,Strathfield - Burwood - Ashfield,120031392,Canterbury (North) - Ashbury,11845,11943,,98,0.8,,78,-102,122,,3.0,3944.8,
1,New South Wales,1GSYD,Greater Sydney,120,Sydney - Inner West,12003,Strathfield - Burwood - Ashfield,120031393,Croydon Park - Enfield,18291,18207,,-84,-0.5,,88,-330,158,,4.0,4584.9,
1,New South Wales,1GSYD,Greater Sydney,120,Sydney - Inner West,12003,Strathfield - Burwood - Ashfield,120031394,Dulwich Hill - Lewisham,18821,18935,,114,0.6,,126,-167,155,,2.7,7008.8,
1,New South Wales,1GSYD,Greater Sydney,120,Sydney - Inner West,12003,Strathfield - Burwood - Ashfield,120031395,Haberfield - Summer Hill,14505,14549,,44,0.3,,15,-86,115,,3.5,4187.2,
1,New South Wales,1GSYD,Greater Sydney,120,Sydney - Inner West,12003,Strathfield - Burwood - Ashfield,120031396,Homebush,19605,20228,,623,3.2,,292,-225,556,,3.8,5263.0,
1,New South Wales,1GSYD,Greater Sydney,120,Sydney - Inner West,12003,Strathfield - Burwood - Ashfield,120031575,Strathfield,28049,28188,,139,0.5,,76,-529,592,,6.5,4369.2,
1,New South Wales,1GSYD,Greater Sydney,120,Sydney - Inner West,12003,Strathfield - Burwood - Ashfield,120031576,Strathfield South,3943,3916,,-27,-0.7,,14,-76,35,,2.5,1559.4,
1,New South Wales,1GSYD,Greater Sydney,121,Sydney - North Sydney and Hornsby,12101,Chatswood - Lane Cove,121011398,Chatswood (East) - Artarmon,31731,31724,,-7,0.0,,216,-776,553,,5.1,6259.9,
1,New South Wales,1GSYD,Greater Sydney,121,Sydney - North Sydney and Hornsby,12101,Chatswood - Lane Cove,121011399,Chatswood (West) - Lane Cove North,23211,23276,,65,0.3,,164,-351,252,,5.5,4203.6,
1,New South Wales,1GSYD,Greater Sydney,121,Sydney - North Sydney and Hornsby,12101,Chatswood - Lane Cove,121011400,Lane Cove - Greenwich,29519,29792,,273,0.9,,203,-108,178,,9.1,3289.7,
1,New South Wales,1GSYD,Greater Sydney,121,Sydney - North Sydney and Hornsby,12101,Chatswood - Lane Cove,121011401,St Leonards - Naremburn,11963,12264,,301,2.5,,172,15,114,,2.8,4441.9,
1,New South Wales,1GSYD,Greater Sydney,121,Sydney - North Sydney and Hornsby,12101,Chatswood - Lane Cove,121011402,Willoughby - Castle Cove - Northbridge,27168,27219,,51,0.2,,76,-165,140,,10.8,2531.6,
1,New South Wales,1GSYD,Greater Sydney,121,Sydney - North Sydney and Hornsby,12102,Hornsby,121021403,Asquith - Mount Colah,20033,20544,,511,2.6,,160,265,86,,34.7,592.3,
1,New South Wales,1GSYD,Greater Sydney,121,Sydney - North Sydney and Hornsby,12102,Hornsby,121021404,Berowra - Brooklyn - Cowan,12083,12077,,-6,0.0,,87,-127,34,,81.8,147.7,
1,New South Wales,1GSYD,Greater Sydney,121,Sydney - North Sydney and Hornsby,12102,Hornsby,121021406,Normanhurst - Thornleigh - Westleigh,19227,19259,,32,0.2,,23,-84,93,,10.0,1928.2,
1,New South Wales,1GSYD,Greater Sydney,121,Sydney - North Sydney and Hornsby,12102,Hornsby,121021577,Hornsby - East,12993,13004,,11,0.1,,167,-383,227,,2.6,5062.1,
1,New South Wales,1GSYD,Greater Sydney,121,Sydney - North Sydney and Hornsby,12102,Hornsby,121021578,Hornsby - West,11418,11347,,-71,-0.6,,57,-229,101,,6.3,1804.0,
1,New South Wales,1GSYD,Greater Sydney,121,Sydney - North Sydney and Hornsby,12102,Hornsby,121021579,Waitara - Wahroonga (West),10827,10846,,19,0.2,,32,-210,197,,2.1,5134.7,
1,New South Wales,1GSYD,Greater Sydney,121,Sydney - North Sydney and Hornsby,12103,Ku-ring-gai,121031407,Gordon - Killara,23247,23352,,105,0.5,,22,-140,223,,11.7,2000.8,
1,New South Wales,1GSYD,Greater Sydney,121,Sydney - North Sydney and Hornsby,12103,Ku-ring-gai,121031408,Lindfield - Roseville,25577,25691,,114,0.4,,74,-165,205,,11.9,2163.2,
1,New South Wales,1GSYD,Greater Sydney,121,Sydney - North Sydney and Hornsby,12103,Ku-ring-gai,121031409,Pymble,17663,17731,,68,0.4,,42,-77,103,,10.3,1729.6,
1,New South Wales,1GSYD,Greater Sydney,121,Sydney - North Sydney and Hornsby,12103,Ku-ring-gai,121031410,St Ives,21973,22042,,69,0.3,,18,-91,142,,17.8,1239.9,
1,New South Wales,1GSYD,Greater Sydney,121,Sydney - North Sydney and Hornsby,12103,Ku-ring-gai,121031411,Turramurra,20419,20615,,196,1.0,,-57,166,87,,20.6,998.7,
1,New South Wales,1GSYD,Greater Sydney,121,Sydney - North Sydney and Hornsby,12103,Ku-ring-gai,121031412,Wahroonga (East) - Warrawee,18521,18498,,-23,-0.1,,-19,-80,76,,13.3,1388.0,
1,New South Wales,1GSYD,Greater Sydney,121,Sydney - North Sydney and Hornsby,12104,North Sydney - Mosman,121041413,Cremorne - Cammeray,20766,20797,,31,0.1,,212,-348,167,,3.2,6420.6,
1,New South Wales,1GSYD,Greater Sydney,121,Sydney - North Sydney and Hornsby,12104,North Sydney - Mosman,121041414,Crows Nest - Waverton,19734,19672,,-62,-0.3,,238,-461,161,,3.0,6643.3,
1,New South Wales,1GSYD,Greater Sydney,121,Sydney - North Sydney and Hornsby,12104,North Sydney - Mosman,121041415,Mosman,30960,30785,,-175,-0.6,,127,-538,236,,8.7,3558.8,
1,New South Wales,1GSYD,Greater Sydney,121,Sydney - North Sydney and Hornsby,12104,North Sydney - Mosman,121041416,Neutral Bay - Kirribilli,19471,19313,,-158,-0.8,,120,-471,193,,2.2,8736.5,
1,New South Wales,1GSYD,Greater Sydney,121,Sydney - North Sydney and Hornsby,12104,North Sydney - Mosman,121041417,North Sydney - Lavender Bay,12550,12798,,248,2.0,,121,-35,162,,1.9,6685.1,
1,New South Wales,1GSYD,Greater Sydney,122,Sydney - Northern Beaches,12201,Manly,122011418,Balgowlah - Clontarf - Seaforth,21588,21614,,26,0.1,,99,-174,101,,7.6,2840.1,
1,New South Wales,1GSYD,Greater Sydney,122,Sydney - Northern Beaches,12201,Manly,122011419,Manly - Fairlight,24417,24528,,111,0.5,,235,-432,308,,6.7,3641.8,
1,New South Wales,1GSYD,Greater Sydney,122,Sydney - Northern Beaches,12202,Pittwater,122021420,Avalon - Palm Beach,13059,13064,,5,0.0,,0,-42,47,,8.6,1518.1,
1,New South Wales,1GSYD,Greater Sydney,122,Sydney - Northern Beaches,12202,Pittwater,122021421,Bayview - Elanora Heights,11365,11365,,0,0.0,,-7,-34,41,,64.6,176.0,
1,New South Wales,1GSYD,Greater Sydney,122,Sydney - Northern Beaches,12202,Pittwater,122021422,Newport - Bilgola,13960,13917,,-43,-0.3,,76,-180,61,,5.8,2400.3,
1,New South Wales,1GSYD,Greater Sydney,122,Sydney - Northern Beaches,12202,Pittwater,122021423,Warriewood - Mona Vale,26168,26368,,200,0.8,,63,11,126,,11.7,2260.9,
1,New South Wales,1GSYD,Greater Sydney,122,Sydney - Northern Beaches,12203,Warringah,122031424,Beacon Hill - Narraweena,14996,15058,,62,0.4,,82,-126,106,,4.3,3469.1,
1,New South Wales,1GSYD,Greater Sydney,122,Sydney - Northern Beaches,12203,Warringah,122031425,Cromer,8019,8059,,40,0.5,,32,-30,38,,7.5,1075.8,
1,New South Wales,1GSYD,Greater Sydney,122,Sydney - Northern Beaches,12203,Warringah,122031426,Dee Why - North Curl Curl,27726,27929,,203,0.7,,325,-452,330,,4.1,6856.8,
1,New South Wales,1GSYD,Greater Sydney,122,Sydney - Northern Beaches,12203,Warringah,122031427,Forestville - Killarney Heights,13524,13419,,-105,-0.8,,13,-214,96,,8.9,1502.5,
1,New South Wales,1GSYD,Greater Sydney,122,Sydney - Northern Beaches,12203,Warringah,122031428,Frenchs Forest - Belrose,26438,26451,,13,0.0,,4,-109,118,,30.1,877.8,
1,New South Wales,1GSYD,Greater Sydney,122,Sydney - Northern Beaches,12203,Warringah,122031429,Freshwater - Brookvale,23436,23455,,19,0.1,,230,-381,170,,7.2,3265.0,
1,New South Wales,1GSYD,Greater Sydney,122,Sydney - Northern Beaches,12203,Warringah,122031430,Manly Vale - Allambie Heights,18266,18374,,108,0.6,,55,-65,118,,9.4,1964.3,
1,New South Wales,1GSYD,Greater Sydney,122,Sydney - Northern Beaches,12203,Warringah,122031431,Narrabeen - Collaroy,26558,26573,,15,0.1,,-76,-82,173,,7.2,3710.2,
1,New South Wales,1GSYD,Greater Sydney,122,Sydney - Northern Beaches,12203,Warringah,122031432,Terrey Hills - Duffys Forest,3889,3867,,-22,-0.6,,-5,-35,18,,70.5,54.8,
1,New South Wales,1GSYD,Greater Sydney,123,Sydney - Outer South West,12301,Camden,123011433,Camden - Ellis Lane,13433,13357,,-76,-0.6,,-95,-9,28,,26.2,509.9,
1,New South Wales,1GSYD,Greater Sydney,123,Sydney - Outer South West,12301,Camden,123011434,Elderslie - Harrington Park,24996,25537,,541,2.2,,257,224,60,,21.5,1185.5,
1,New South Wales,1GSYD,Greater Sydney,123,Sydney - Outer South West,12301,Camden,123011435,Mount Annan - Currans Hill,33281,34548,,1267,3.8,,502,698,67,,26.1,1322.0,
1,New South Wales,1GSYD,Greater Sydney,123,Sydney - Outer South West,12302,Campbelltown (NSW),123021436,Bradbury - Wedderburn,20030,20138,,108,0.5,,260,-216,64,,36.7,549.4,
1,New South Wales,1GSYD,Greater Sydney,123,Sydney - Outer South West,12302,Campbelltown (NSW),123021437,Campbelltown - Woodbine,20884,21690,,806,3.9,,193,470,143,,13.7,1577.7,
1,New South Wales,1GSYD,Greater Sydney,123,Sydney - Outer South West,12302,Campbelltown (NSW),123021438,Claymore - Eagle Vale - Raby,21044,20928,,-116,-0.6,,210,-378,52,,22.9,913.2,
1,New South Wales,1GSYD,Greater Sydney,123,Sydney - Outer South West,12302,Campbelltown (NSW),123021439,Holsworthy Military Area,0,0,,0,0.0,,0,0,0,,129.8,0.0,
1,New South Wales,1GSYD,Greater Sydney,123,Sydney - Outer South West,12302,Campbelltown (NSW),123021440,Ingleburn - Denham Court,24584,26847,,2263,9.2,,427,1660,176,,30.9,868.3,
1,New South Wales,1GSYD,Greater Sydney,123,Sydney - Outer South West,12302,Campbelltown (NSW),123021441,Leumeah - Minto Heights,17092,17236,,144,0.8,,183,-118,79,,23.6,728.9,
1,New South Wales,1GSYD,Greater Sydney,123,Sydney - Outer South West,12302,Campbelltown (NSW),123021442,Macquarie Fields - Glenfield,25077,25069,,-8,0.0,,178,-361,175,,16.0,1565.0,
1,New South Wales,1GSYD,Greater Sydney,123,Sydney - Outer South West,12302,Campbelltown (NSW),123021443,Minto - St Andrews,22256,22237,,-19,-0.1,,246,-406,141,,12.4,1791.4,
1,New South Wales,1GSYD,Greater Sydney,123,Sydney - Outer South West,12302,Campbelltown (NSW),123021444,Rosemeadow - Glen Alpine,21434,21472,,38,0.2,,156,-199,81,,48.1,446.6,
1,New South Wales,1GSYD,Greater Sydney,123,Sydney - Outer South West,12303,Wollondilly,123031445,Bargo,6021,6036,,15,0.2,,43,-30,2,,67.8,89.1,
1,New South Wales,1GSYD,Greater Sydney,123,Sydney - Outer South West,12303,Wollondilly,123031446,Douglas Park - Appin,11191,11405,,214,1.9,,103,92,19,,289.9,39.3,
1,New South Wales,1GSYD,Greater Sydney,123,Sydney - Outer South West,12303,Wollondilly,123031447,Picton - Tahmoor - Buxton,18126,18558,,432,2.4,,128,283,21,,189.9,97.7,
1,New South Wales,1GSYD,Greater Sydney,123,Sydney - Outer South West,12303,Wollondilly,123031448,The Oaks - Oakdale,9785,9841,,56,0.6,,77,-42,21,,322.7,30.5,
1,New South Wales,1GSYD,Greater Sydney,124,Sydney - Outer West and Blue Mountains,12401,Blue Mountains,124011449,Blackheath - Megalong Valley,5825,5844,,19,0.3,,-14,10,23,,139.2,42.0,
1,New South Wales,1GSYD,Greater Sydney,124,Sydney - Outer West and Blue Mountains,12401,Blue Mountains,124011450,Blaxland - Warrimoo - Lapstone,19519,19559,,40,0.2,,136,-141,45,,29.7,658.7,
1,New South Wales,1GSYD,Greater Sydney,124,Sydney - Outer West and Blue Mountains,12401,Blue Mountains,124011451,Blue Mountains - North,13,13,,0,0.0,,0,0,0,,595.0,0.0,
1,New South Wales,1GSYD,Greater Sydney,124,Sydney - Outer West and Blue Mountains,12401,Blue Mountains,124011452,Katoomba - Leura,13897,13984,,87,0.6,,-18,-3,108,,40.9,342.1,
1,New South Wales,1GSYD,Greater Sydney,124,Sydney - Outer West and Blue Mountains,12401,Blue Mountains,124011453,Lawson - Hazelbrook - Linden,11549,11533,,-16,-0.1,,57,-90,17,,46.9,246.0,
1,New South Wales,1GSYD,Greater Sydney,124,Sydney - Outer West and Blue Mountains,12401,Blue Mountains,124011454,Springwood - Winmalee,21932,21901,,-31,-0.1,,41,-110,38,,69.7,314.4,
1,New South Wales,1GSYD,Greater Sydney,124,Sydney - Outer West and Blue Mountains,12401,Blue Mountains,124011455,Wentworth Falls,6259,6260,,1,0.0,,-19,-2,22,,21.0,297.6,
1,New South Wales,1GSYD,Greater Sydney,124,Sydney - Outer West and Blue Mountains,12402,Blue Mountains - South,124021456,Blue Mountains - South,4,4,,0,0.0,,0,0,0,,2456.9,0.0,
1,New South Wales,1GSYD,Greater Sydney,124,Sydney - Outer West and Blue Mountains,12403,Penrith,124031457,Cambridge Park,16073,16048,,-25,-0.2,,152,-205,28,,6.6,2436.3,
1,New South Wales,1GSYD,Greater Sydney,124,Sydney - Outer West and Blue Mountains,12403,Penrith,124031458,Castlereagh - Cranebrook,28701,29891,,1190,4.1,,462,650,78,,71.5,418.0,
1,New South Wales,1GSYD,Greater Sydney,124,Sydney - Outer West and Blue Mountains,12403,Penrith,124031459,Emu Plains - Leonay,14460,14419,,-41,-0.3,,55,-115,19,,13.8,1045.3,
1,New South Wales,1GSYD,Greater Sydney,124,Sydney - Outer West and Blue Mountains,12403,Penrith,124031460,Glenmore Park - Regentville,21816,21763,,-53,-0.2,,232,-344,59,,9.2,2357.1,
1,New South Wales,1GSYD,Greater Sydney,124,Sydney - Outer West and Blue Mountains,12403,Penrith,124031461,Jamisontown - South Penrith,17758,17891,,133,0.7,,147,-55,41,,9.0,1983.9,
1,New South Wales,1GSYD,Greater Sydney,124,Sydney - Outer West and Blue Mountains,12403,Penrith,124031462,Kingswood - Werrington,22713,23559,,846,3.7,,256,463,127,,14.0,1680.0,
1,New South Wales,1GSYD,Greater Sydney,124,Sydney - Outer West and Blue Mountains,12403,Penrith,124031463,Mulgoa - Luddenham - Orchard Hills,11496,11934,,438,3.8,,139,278,21,,158.7,75.2,
1,New South Wales,1GSYD,Greater Sydney,124,Sydney - Outer West and Blue Mountains,12403,Penrith,124031464,Penrith,15104,15554,,450,3.0,,102,259,89,,10.4,1496.4,
1,New South Wales,1GSYD,Greater Sydney,124,Sydney - Outer West and Blue Mountains,12403,Penrith,124031465,Warragamba - Silverdale,5631,5765,,134,2.4,,66,63,5,,63.6,90.6,
1,New South Wales,1GSYD,Greater Sydney,124,Sydney - Outer West and Blue Mountains,12404,Richmond - Windsor,124041466,Richmond - Clarendon,14520,14720,,200,1.4,,12,154,34,,74.7,197.1,
1,New South Wales,1GSYD,Greater Sydney,124,Sydney - Outer West and Blue Mountains,12404,Richmond - Windsor,124041467,Windsor - Bligh Park,15505,15494,,-11,-0.1,,188,-224,25,,22.7,681.7,
1,New South Wales,1GSYD,Greater Sydney,124,Sydney - Outer West and Blue Mountains,12404,Richmond - Windsor,124041468,Yarramundi - Londonderry,7739,7765,,26,0.3,,48,-31,9,,81.4,95.4,
1,New South Wales,1GSYD,Greater Sydney,124,Sydney - Outer West and Blue Mountains,12405,St Marys,124051469,Erskine Park,6591,6575,,-16,-0.2,,61,-88,11,,8.4,783.3,
1,New South Wales,1GSYD,Greater Sydney,124,Sydney - Outer West and Blue Mountains,12405,St Marys,124051470,St Clair,20562,20511,,-51,-0.2,,209,-322,62,,7.2,2847.4,
1,New South Wales,1GSYD,Greater Sydney,124,Sydney - Outer West and Blue Mountains,12405,St Marys,124051580,Colyton - Oxley Park,12455,12741,,286,2.3,,162,71,53,,4.7,2738.8,
1,New South Wales,1GSYD,Greater Sydney,124,Sydney - Outer West and Blue Mountains,12405,St Marys,124051581,St Marys - North St Marys,17291,17440,,149,0.9,,124,-66,91,,12.9,1355.7,
1,New South Wales,1GSYD,Greater Sydney,125,Sydney - Parramatta,12501,Auburn,125011473,Homebush Bay - Silverwater,24674,26168,,1494,6.1,,409,866,219,,11.3,2323.6,
1,New South Wales,1GSYD,Greater Sydney,125,Sydney - Parramatta,12501,Auburn,125011475,Rookwood Cemetery,3,3,,0,0.0,,0,0,0,,3.0,1.0,
1,New South Wales,1GSYD,Greater Sydney,125,Sydney - Parramatta,12501,Auburn,125011582,Auburn - Central,19559,19487,,-72,-0.4,,242,-805,491,,3.7,5220.8,
1,New South Wales,1GSYD,Greater Sydney,125,Sydney - Parramatta,12501,Auburn,125011583,Auburn - North,13084,12947,,-137,-1.0,,158,-733,438,,2.1,6175.2,
1,New South Wales,1GSYD,Greater Sydney,125,Sydney - Parramatta,12501,Auburn,125011584,Auburn - South,9340,9293,,-47,-0.5,,121,-283,115,,2.4,3822.2,
1,New South Wales,1GSYD,Greater Sydney,125,Sydney - Parramatta,12501,Auburn,125011585,Berala,9618,9538,,-80,-0.8,,91,-315,144,,2.1,4571.3,
1,New South Wales,1GSYD,Greater Sydney,125,Sydney - Parramatta,12501,Auburn,125011586,Lidcombe,23047,23268,,221,1.0,,161,-469,529,,6.4,3633.5,
1,New South Wales,1GSYD,Greater Sydney,125,Sydney - Parramatta,12501,Auburn,125011587,Regents Park,5365,5315,,-50,-0.9,,43,-140,47,,2.0,2615.0,
1,New South Wales,1GSYD,Greater Sydney,125,Sydney - Parramatta,12502,Carlingford,125021476,Carlingford,31178,31499,,321,1.0,,162,-175,334,,9.7,3232.1,
1,New South Wales,1GSYD,Greater Sydney,125,Sydney - Parramatta,12502,Carlingford,125021477,Ermington - Rydalmere,23852,24268,,416,1.7,,164,41,211,,9.9,2459.9,
1,New South Wales,1GSYD,Greater Sydney,125,Sydney - Parramatta,12502,Carlingford,125021478,Oatlands - Dundas Valley,19533,19518,,-15,-0.1,,121,-306,170,,6.1,3212.2,
1,New South Wales,1GSYD,Greater Sydney,125,Sydney - Parramatta,12503,Merrylands - Guildford,125031479,Chester Hill - Sefton,20584,20947,,363,1.8,,160,76,127,,7.3,2882.2,
1,New South Wales,1GSYD,Greater Sydney,125,Sydney - Parramatta,12503,Merrylands - Guildford,125031480,Fairfield - East,16666,16532,,-134,-0.8,,76,-354,144,,5.7,2894.5,
1,New South Wales,1GSYD,Greater Sydney,125,Sydney - Parramatta,12503,Merrylands - Guildford,125031481,Granville - Clyde,23003,23068,,65,0.3,,310,-592,347,,5.6,4113.2,
1,New South Wales,1GSYD,Greater Sydney,125,Sydney - Parramatta,12503,Merrylands - Guildford,125031482,Greystanes - Pemulwuy,28394,28559,,165,0.6,,147,-94,112,,11.8,2410.3,
1,New South Wales,1GSYD,Greater Sydney,125,Sydney - Parramatta,12503,Merrylands - Guildford,125031483,Guildford - South Granville,23692,23937,,245,1.0,,353,-292,184,,6.8,3522.1,
1,New South Wales,1GSYD,Greater Sydney,125,Sydney - Parramatta,12503,Merrylands - Guildford,125031484,Guildford West - Merrylands West,22722,22863,,141,0.6,,311,-349,179,,5.5,4183.2,
1,New South Wales,1GSYD,Greater Sydney,125,Sydney - Parramatta,12503,Merrylands - Guildford,125031485,Merrylands - Holroyd,31800,32248,,448,1.4,,474,-409,383,,6.7,4799.7,
1,New South Wales,1GSYD,Greater Sydney,125,Sydney - Parramatta,12503,Merrylands - Guildford,125031486,Smithfield Industrial,11,11,,0,0.0,,0,0,0,,4.3,2.6,
1,New South Wales,1GSYD,Greater Sydney,125,Sydney - Parramatta,12503,Merrylands - Guildford,125031487,Yennora Industrial,14,14,,0,0.0,,0,0,0,,2.1,6.7,
1,New South Wales,1GSYD,Greater Sydney,125,Sydney - Parramatta,12504,Parramatta,125041489,North Parramatta,24912,24927,,15,0.1,,256,-825,584,,7.1,3530.3,
1,New South Wales,1GSYD,Greater Sydney,125,Sydney - Parramatta,12504,Parramatta,125041490,North Rocks,8396,8476,,80,1.0,,1,34,45,,5.4,1576.6,
1,New South Wales,1GSYD,Greater Sydney,125,Sydney - Parramatta,12504,Parramatta,125041491,Northmead,22494,22345,,-149,-0.7,,327,-933,457,,5.9,3766.1,
1,New South Wales,1GSYD,Greater Sydney,125,Sydney - Parramatta,12504,Parramatta,125041492,Parramatta - Rosehill,34348,34732,,384,1.1,,493,-1889,1780,,8.5,4087.8,
1,New South Wales,1GSYD,Greater Sydney,125,Sydney - Parramatta,12504,Parramatta,125041493,Toongabbie - Constitution Hill,23304,23326,,22,0.1,,139,-330,213,,7.5,3118.7,
1,New South Wales,1GSYD,Greater Sydney,125,Sydney - Parramatta,12504,Parramatta,125041494,Winston Hills,11326,11384,,58,0.5,,65,-57,50,,4.3,2618.3,
1,New South Wales,1GSYD,Greater Sydney,125,Sydney - Parramatta,12504,Parramatta,125041588,Pendle Hill - Girraween,14059,14167,,108,0.8,,90,-176,194,,4.5,3175.4,
1,New South Wales,1GSYD,Greater Sydney,125,Sydney - Parramatta,12504,Parramatta,125041589,Wentworthville - Westmead,18167,18357,,190,1.0,,263,-530,457,,3.9,4664.1,
1,New South Wales,1GSYD,Greater Sydney,126,Sydney - Ryde,12601,Pennant Hills - Epping,126011495,Epping - North Epping,31690,32242,,552,1.7,,184,-97,465,,8.9,3630.6,
1,New South Wales,1GSYD,Greater Sydney,126,Sydney - Ryde,12601,Pennant Hills - Epping,126011496,Pennant Hills - Cheltenham,22013,22090,,77,0.3,,62,-104,119,,13.3,1661.7,
1,New South Wales,1GSYD,Greater Sydney,126,Sydney - Ryde,12602,Ryde - Hunters Hill,126021497,Eastwood - Denistone,27436,27626,,190,0.7,,135,-395,450,,7.8,3532.7,
1,New South Wales,1GSYD,Greater Sydney,126,Sydney - Ryde,12602,Ryde - Hunters Hill,126021498,Gladesville - Huntleys Point,15787,15856,,69,0.4,,58,-64,75,,4.7,3362.0,
1,New South Wales,1GSYD,Greater Sydney,126,Sydney - Ryde,12602,Ryde - Hunters Hill,126021499,Hunters Hill - Woolwich,10994,10975,,-19,-0.2,,-74,21,34,,4.2,2643.8,
1,New South Wales,1GSYD,Greater Sydney,126,Sydney - Ryde,12602,Ryde - Hunters Hill,126021500,Macquarie Park - Marsfield,24511,25192,,681,2.8,,63,135,483,,10.7,2360.6,
1,New South Wales,1GSYD,Greater Sydney,126,Sydney - Ryde,12602,Ryde - Hunters Hill,126021501,North Ryde - East Ryde,14150,14412,,262,1.9,,113,52,97,,6.2,2315.9,
1,New South Wales,1GSYD,Greater Sydney,126,Sydney - Ryde,12602,Ryde - Hunters Hill,126021503,West Ryde - Meadowbank,21773,22024,,251,1.2,,213,-337,375,,4.8,4595.7,
1,New South Wales,1GSYD,Greater Sydney,126,Sydney - Ryde,12602,Ryde - Hunters Hill,126021590,Putney,4246,4231,,-15,-0.4,,13,-48,20,,1.5,2784.7,
1,New South Wales,1GSYD,Greater Sydney,126,Sydney - Ryde,12602,Ryde - Hunters Hill,126021591,Ryde,32182,32863,,681,2.1,,253,4,424,,7.3,4521.5,
1,New South Wales,1GSYD,Greater Sydney,127,Sydney - South West,12701,Bringelly - Green Valley,127011504,Ashcroft - Busby - Miller,18399,18325,,-74,-0.4,,220,-356,62,,5.5,3354.4,
1,New South Wales,1GSYD,Greater Sydney,127,Sydney - South West,12701,Bringelly - Green Valley,127011505,Austral - Greendale,9129,9950,,821,9.0,,59,746,16,,110.7,89.9,
1,New South Wales,1GSYD,Greater Sydney,127,Sydney - South West,12701,Bringelly - Green Valley,127011506,Cobbitty - Leppington,32146,37043,,4897,15.2,,848,3996,53,,132.1,280.3,
1,New South Wales,1GSYD,Greater Sydney,127,Sydney - South West,12701,Bringelly - Green Valley,127011592,Badgerys Creek,62,62,,0,0.0,,0,0,0,,17.6,3.5,
1,New South Wales,1GSYD,Greater Sydney,127,Sydney - South West,12701,Bringelly - Green Valley,127011593,Cecil Hills,7294,7230,,-64,-0.9,,39,-124,21,,3.7,1929.1,
1,New South Wales,1GSYD,Greater Sydney,127,Sydney - South West,12701,Bringelly - Green Valley,127011594,Green Valley,13165,13105,,-60,-0.5,,146,-276,70,,3.2,4076.8,
1,New South Wales,1GSYD,Greater Sydney,127,Sydney - South West,12701,Bringelly - Green Valley,127011595,Hinchinbrook,13715,13800,,85,0.6,,126,-113,72,,5.2,2641.1,
1,New South Wales,1GSYD,Greater Sydney,127,Sydney - South West,12701,Bringelly - Green Valley,127011596,Hoxton Park - Carnes Hill - Horningsea Park,13301,13571,,270,2.0,,174,51,45,,4.1,3288.8,
1,New South Wales,1GSYD,Greater Sydney,127,Sydney - South West,12701,Bringelly - Green Valley,127011597,West Hoxton - Middleton Grange,17446,17590,,144,0.8,,229,-152,67,,9.3,1899.0,
1,New South Wales,1GSYD,Greater Sydney,127,Sydney - South West,12702,Fairfield,127021509,Bonnyrigg Heights - Bonnyrigg,16913,16925,,12,0.1,,108,-173,77,,5.2,3261.9,
1,New South Wales,1GSYD,Greater Sydney,127,Sydney - South West,12702,Fairfield,127021510,Bossley Park - Abbotsbury,19798,19743,,-55,-0.3,,68,-256,133,,9.5,2075.0,
1,New South Wales,1GSYD,Greater Sydney,127,Sydney - South West,12702,Fairfield,127021511,Cabramatta - Lansvale,25890,25768,,-122,-0.5,,143,-571,306,,7.6,3392.1,
1,New South Wales,1GSYD,Greater Sydney,127,Sydney - South West,12702,Fairfield,127021512,Cabramatta West - Mount Pritchard,18495,18446,,-49,-0.3,,120,-276,107,,5.3,3452.4,
1,New South Wales,1GSYD,Greater Sydney,127,Sydney - South West,12702,Fairfield,127021513,Canley Vale - Canley Heights,22158,22004,,-154,-0.7,,113,-432,165,,5.4,4062.7,
1,New South Wales,1GSYD,Greater Sydney,127,Sydney - South West,12702,Fairfield,127021514,Edensor Park,10335,10212,,-123,-1.2,,58,-243,62,,3.1,3299.0,
1,New South Wales,1GSYD,Greater Sydney,127,Sydney - South West,12702,Fairfield,127021515,Fairfield,19292,19151,,-141,-0.7,,115,-652,396,,4.2,4527.0,
1,New South Wales,1GSYD,Greater Sydney,127,Sydney - South West,12702,Fairfield,127021516,Fairfield - West,20770,20796,,26,0.1,,198,-415,243,,4.7,4432.7,
1,New South Wales,1GSYD,Greater Sydney,127,Sydney - South West,12702,Fairfield,127021517,Greenfield Park - Prairiewood,8837,8821,,-16,-0.2,,16,-87,55,,3.6,2425.6,
1,New South Wales,1GSYD,Greater Sydney,127,Sydney - South West,12702,Fairfield,127021518,Horsley Park - Kemps Creek,4723,4684,,-39,-0.8,,1,-51,11,,56.3,83.2,
1,New South Wales,1GSYD,Greater Sydney,127,Sydney - South West,12702,Fairfield,127021519,Smithfield - Wetherill Park,19208,19161,,-47,-0.2,,85,-285,153,,6.6,2897.8,
1,New South Wales,1GSYD,Greater Sydney,127,Sydney - South West,12702,Fairfield,127021520,St Johns Park - Wakeley,11184,11191,,7,0.1,,49,-95,53,,3.6,3099.1,
1,New South Wales,1GSYD,Greater Sydney,127,Sydney - South West,12702,Fairfield,127021521,Wetherill Park Industrial,36,36,,0,0.0,,0,0,0,,8.6,4.2,
1,New South Wales,1GSYD,Greater Sydney,127,Sydney - South West,12703,Liverpool,127031522,Casula,16970,17084,,114,0.7,,217,-201,98,,7.1,2415.8,
1,New South Wales,1GSYD,Greater Sydney,127,Sydney - South West,12703,Liverpool,127031523,Chipping Norton - Moorebank,21049,21348,,299,1.4,,221,11,67,,14.5,1473.3,
1,New South Wales,1GSYD,Greater Sydney,127,Sydney - South West,12703,Liverpool,127031524,Holsworthy - Wattle Grove,21903,21910,,7,0.0,,159,-255,103,,73.7,297.3,
1,New South Wales,1GSYD,Greater Sydney,127,Sydney - South West,12703,Liverpool,127031598,Liverpool,31588,32473,,885,2.8,,430,11,444,,6.3,5139.4,
1,New South Wales,1GSYD,Greater Sydney,127,Sydney - South West,12703,Liverpool,127031599,Lurnea - Cartwright,12579,12644,,65,0.5,,129,-147,83,,3.5,3647.5,
1,New South Wales,1GSYD,Greater Sydney,127,Sydney - South West,12703,Liverpool,127031600,Prestons - Edmondson Park,21616,22552,,936,4.3,,296,544,96,,14.1,1595.8,
1,New South Wales,1GSYD,Greater Sydney,127,Sydney - South West,12703,Liverpool,127031601,Warwick Farm,6716,6783,,67,1.0,,93,-110,84,,4.7,1458.6,
1,New South Wales,1GSYD,Greater Sydney,128,Sydney - Sutherland,12801,Cronulla - Miranda - Caringbah,128011529,Gymea - Grays Point,18359,18469,,110,0.6,,122,-74,62,,5.8,3185.5,
1,New South Wales,1GSYD,Greater Sydney,128,Sydney - Sutherland,12801,Cronulla - Miranda - Caringbah,128011530,Miranda - Yowie Bay,19423,19774,,351,1.8,,23,224,104,,6.0,3297.4,
1,New South Wales,1GSYD,Greater Sydney,128,Sydney - Sutherland,12801,Cronulla - Miranda - Caringbah,128011531,Sylvania - Taren Point,17188,17318,,130,0.8,,-82,159,53,,6.1,2851.9,
1,New South Wales,1GSYD,Greater Sydney,128,Sydney - Sutherland,12801,Cronulla - Miranda - Caringbah,128011602,Caringbah,12879,13148,,269,2.1,,99,108,62,,4.0,3290.5,
1,New South Wales,1GSYD,Greater Sydney,128,Sydney - Sutherland,12801,Cronulla - Miranda - Caringbah,128011603,Caringbah South,12871,13007,,136,1.1,,92,10,34,,4.1,3195.9,
1,New South Wales,1GSYD,Greater Sydney,128,Sydney - Sutherland,12801,Cronulla - Miranda - Caringbah,128011604,Cronulla - Kurnell - Bundeena,25605,25760,,155,0.6,,104,-81,132,,25.1,1026.8,
1,New South Wales,1GSYD,Greater Sydney,128,Sydney - Sutherland,12801,Cronulla - Miranda - Caringbah,128011605,Lilli Pilli - Port Hacking - Dolans Bay,3270,3272,,2,0.1,,11,-21,12,,1.3,2575.2,
1,New South Wales,1GSYD,Greater Sydney,128,Sydney - Sutherland,12801,Cronulla - Miranda - Caringbah,128011606,Woolaware - Burraneer,8390,8617,,227,2.7,,65,138,24,,3.3,2589.1,
1,New South Wales,1GSYD,Greater Sydney,128,Sydney - Sutherland,12802,Sutherland - Menai - Heathcote,128021533,Heathcote - Waterfall,6729,6701,,-28,-0.4,,-7,-37,16,,27.6,242.6,
1,New South Wales,1GSYD,Greater Sydney,128,Sydney - Sutherland,12802,Sutherland - Menai - Heathcote,128021534,Illawong - Alfords Point,10597,10600,,3,0.0,,71,-111,43,,7.3,1452.5,
1,New South Wales,1GSYD,Greater Sydney,128,Sydney - Sutherland,12802,Sutherland - Menai - Heathcote,128021535,Menai - Lucas Heights - Woronora,21715,21678,,-37,-0.2,,69,-166,60,,33.4,649.0,
1,New South Wales,1GSYD,Greater Sydney,128,Sydney - Sutherland,12802,Sutherland - Menai - Heathcote,128021536,Oyster Bay - Como - Jannali,22198,22260,,62,0.3,,121,-133,74,,8.9,2499.6,
1,New South Wales,1GSYD,Greater Sydney,128,Sydney - Sutherland,12802,Sutherland - Menai - Heathcote,128021537,Royal National Park,28,28,,0,0.0,,0,0,0,,139.3,0.2,
1,New South Wales,1GSYD,Greater Sydney,128,Sydney - Sutherland,12802,Sutherland - Menai - Heathcote,128021538,Sutherland - Kirrawee,22380,22769,,389,1.7,,89,187,113,,7.8,2936.2,
1,New South Wales,1GSYD,Greater Sydney,128,Sydney - Sutherland,12802,Sutherland - Menai - Heathcote,128021607,Engadine,17498,17578,,80,0.5,,57,-6,29,,9.0,1963.2,
1,New South Wales,1GSYD,Greater Sydney,128,Sydney - Sutherland,12802,Sutherland - Menai - Heathcote,128021608,Loftus - Yarrawarrah,7452,7445,,-7,-0.1,,46,-68,15,,3.8,1937.0,
1,New South Wales,1GSYD,Greater Sydney,128,Sydney - Sutherland,12802,Sutherland - Menai - Heathcote,128021609,Woronora Heights,3569,3517,,-52,-1.5,,26,-90,12,,3.1,1121.0,
,,,,,,,,,,,,,,,,,,,,,,
,,,,,,,,,TOTAL NEW SOUTH WALES,8087379,8167532,,80153,1.0,,42713,-20887,58327,,800810.8,10.2,
,,,,,,,,,,,,,,,,,,,,,,
,,,,,,,,,,,,,,,,,,,,,,
"Source: Regional population, 2019-20",,,,,,,,,,,,,,,,,,,,,,
,,,,,,,,,,,,,,,,,,,,,,
 Commonwealth of Australia 2021,,,,,,,,,,,,,,,,,,,,,,